Income,TotalSpend,Recency,CustomerTenure,NumDealsPurchases,NumWebVisitsMonth,NumWebPurchases,NumCatalogPurchases,NumStorePurchases,TotalChildren
58138.0,1617,58,13.32,3,7,8,10,4,0
46344.0,27,38,11.82,2,5,1,1,2,2
71613.0,776,26,12.36,1,4,8,2,10,0
26646.0,53,26,11.89,2,6,2,0,4,1
58293.0,422,94,11.95,5,5,5,3,6,1
62513.0,716,16,12.31,2,6,6,4,10,1
55635.0,590,34,13.13,4,6,7,3,7,1
33454.0,169,32,12.65,2,8,4,0,4,1
30351.0,46,19,12.57,1,9,3,0,2,1
5648.0,49,68,11.8,1,20,1,0,0,2
52247.25135379061,19,11,12.13,1,7,1,0,2,1
7500.0,61,59,13.13,1,8,2,0,3,0
63033.0,1102,82,12.13,1,2,3,4,8,0
59354.0,310,53,12.13,3,6,6,1,5,2
17323.0,46,38,13.22,1,8,1,0,3,0
82800.0,1315,23,13.1,1,3,7,6,12,0
41850.0,96,51,13.02,3,8,3,0,3,2
37760.0,317,20,13.33,2,7,4,1,6,0
76995.0,1782,91,12.76,2,5,11,4,9,1
33812.0,133,86,13.16,2,6,2,1,3,1
37040.0,316,41,13.4,1,8,4,2,5,0
2447.0,1730,42,12.98,15,1,0,28,0,1
58607.0,972,63,13.02,3,8,2,3,9,1
65324.0,544,0,11.97,3,4,6,2,9,1
40689.0,444,69,12.79,7,8,7,1,5,1
18589.0,75,89,12.99,2,7,2,1,3,0
53359.0,257,4,12.6,4,7,5,1,4,2
52247.25135379061,637,19,12.86,0,1,27,0,0,1
38360.0,131,26,12.59,2,3,2,1,4,1
84618.0,1672,96,12.11,1,2,6,9,10,0
10979.0,30,34,11.61,2,5,3,0,3,0
38620.0,318,56,12.64,1,3,2,5,3,0
40548.0,120,31,13.22,2,5,2,1,4,1
46610.0,302,8,13.17,6,6,4,1,6,2
68657.0,1196,4,12.86,1,7,3,5,9,0
49389.0,65,55,12.34,1,7,2,0,3,2
67353.0,913,37,12.0,5,2,5,6,12,1
23718.0,81,76,12.33,3,7,3,1,2,1
42429.0,67,99,11.88,2,5,1,1,3,1
48948.0,902,53,12.91,2,6,7,10,5,0
80011.0,1395,3,12.67,2,4,8,6,5,1
20559.0,53,88,12.81,2,8,2,0,3,1
21994.0,22,4,13.02,1,5,0,0,3,1
52247.25135379061,186,80,12.15,1,2,1,3,4,0
7500.0,31,19,12.25,3,5,2,0,3,1
79941.0,984,72,11.51,1,1,2,4,9,0
7500.0,122,24,13.14,3,9,3,1,3,0
41728.0,55,92,12.61,1,10,2,0,2,1
52247.25135379061,124,96,12.0,3,6,2,1,4,3
72550.0,1319,39,13.15,9,8,5,2,12,2
65486.0,507,29,11.64,1,2,4,2,10,1
79143.0,1693,2,13.39,1,3,6,9,13,0
35790.0,72,54,12.99,2,7,2,0,3,1
82582.0,1617,54,11.57,1,1,4,9,7,0
66373.0,606,57,12.55,7,3,4,2,10,2
82384.0,1957,55,13.12,1,1,3,10,13,0
70287.0,1093,30,12.75,1,3,5,5,10,0
27938.0,29,31,11.68,1,3,1,0,4,1
52247.25135379061,46,57,12.54,2,6,2,0,3,1
55954.0,518,63,11.83,3,7,8,2,6,1
75777.0,1438,12,12.49,1,1,3,6,11,0
66653.0,612,18,13.32,4,3,4,2,12,2
61823.0,884,26,12.87,4,7,8,2,10,1
67680.0,606,8,12.56,1,5,7,3,8,1
70666.0,1076,29,12.07,1,4,7,4,4,0
25721.0,34,75,12.61,1,7,1,1,2,1
32474.0,11,0,11.64,1,7,1,0,2,2
88194.0,1274,19,11.79,1,5,11,10,10,1
69096.0,653,4,12.26,1,4,5,2,10,1
74854.0,1562,90,12.73,7,5,2,5,5,3
66991.0,1253,1,13.3,3,3,4,8,6,0
52247.25135379061,109,25,13.3,3,8,3,0,3,1
65031.0,863,29,12.79,4,7,10,3,13,1
60631.0,661,88,12.74,5,7,9,2,8,2
28332.0,65,58,11.67,1,2,2,1,4,0
40246.0,13,68,13.03,1,6,1,0,2,1
75251.0,1890,34,13.35,1,5,7,6,5,0
75825.0,2209,40,13.22,0,4,5,8,9,0
26326.0,18,12,12.32,1,3,0,0,3,0
56046.0,692,9,12.99,2,8,10,1,8,0
29760.0,165,87,13.34,4,8,3,1,4,1
26304.0,16,5,12.52,1,7,1,0,2,1
23559.0,79,87,12.5,3,7,3,0,3,1
38620.0,318,56,12.64,1,3,2,5,3,0
81361.0,778,18,11.85,1,1,3,10,13,0
29440.0,56,95,12.39,2,7,1,0,4,2
36138.0,151,48,12.46,5,7,3,1,4,2
50388.0,372,3,11.59,4,7,6,1,6,1
79593.0,1366,70,11.64,1,2,5,6,7,0
54178.0,194,79,11.94,1,2,2,2,5,1
52247.25135379061,603,4,13.12,12,9,7,2,8,3
52247.25135379061,18,45,11.6,1,7,1,0,2,2
52247.25135379061,985,87,12.1,1,1,2,4,8,0
42394.0,32,69,11.78,1,7,1,0,3,1
23626.0,43,84,11.61,3,5,3,1,3,1
30096.0,45,30,11.61,1,6,2,0,3,1
47916.0,606,72,13.11,5,6,7,4,6,1
51813.0,63,37,12.72,2,7,2,0,3,2
78497.0,978,44,12.08,1,2,5,7,12,0
50150.0,410,32,12.53,2,5,5,2,7,0
47823.0,72,0,12.44,2,8,2,0,3,1
34554.0,55,43,11.76,2,6,2,0,3,1
85693.0,1169,59,12.7,2,5,9,5,11,1
65846.0,1120,68,12.62,1,4,6,3,6,0
87195.0,1097,35,11.65,1,1,3,11,5,0
24594.0,29,94,12.06,1,5,1,0,3,1
49096.0,187,15,12.27,4,7,4,1,4,2
52413.0,910,56,12.91,4,6,6,4,12,2
38557.0,145,17,13.03,2,7,3,1,3,1
89058.0,850,18,13.07,1,2,5,4,4,0
77298.0,969,46,12.16,1,3,6,6,11,1
68126.0,1820,40,13.14,1,9,7,4,5,0
57288.0,608,27,11.52,3,6,8,1,8,1
86037.0,730,95,12.99,1,3,6,7,11,0
43974.0,551,19,13.05,5,7,6,4,6,1
50785.0,114,27,12.31,2,6,2,1,3,2
90765.0,1724,25,11.93,0,1,4,6,5,0
36550.0,577,74,12.86,5,9,9,1,5,1
30753.0,81,85,12.47,2,5,1,1,3,2
21918.0,33,37,12.13,2,6,2,0,3,1
56129.0,660,65,12.53,4,4,6,2,10,1
32557.0,80,13,11.85,3,5,2,1,3,1
19510.0,30,63,12.32,2,7,1,0,3,2
30992.0,43,83,12.69,1,7,1,0,3,1
101970.0,1135,69,12.81,0,2,6,8,13,0
71488.0,559,87,12.87,2,1,3,4,7,0
79607.0,1923,37,12.7,1,1,3,6,6,0
54348.0,90,51,11.56,2,6,2,0,4,2
52247.25135379061,404,23,12.47,3,6,6,1,7,1
77376.0,661,72,11.64,4,4,6,3,10,2
62998.0,463,10,12.25,5,5,5,4,5,1
61331.0,632,42,12.81,5,8,11,1,6,2
73448.0,725,10,11.89,1,4,7,2,9,0
52247.25135379061,725,96,12.39,1,4,6,5,7,1
41551.0,279,51,12.38,5,8,5,1,5,2
62981.0,1482,21,12.79,1,3,4,5,13,0
9548.0,29,31,13.4,2,8,1,0,3,1
33762.0,106,61,12.48,3,8,2,2,2,3
35860.0,49,37,11.62,2,5,1,1,2,2
36921.0,38,74,12.43,2,7,2,0,3,2
92859.0,2077,46,13.2,1,2,5,4,12,0
65104.0,1053,4,12.13,2,7,3,5,7,1
86111.0,1385,73,12.7,1,2,5,7,10,0
68352.0,871,47,12.34,3,6,8,5,9,1
41883.0,312,13,12.79,3,7,4,2,3,1
59809.0,877,36,13.2,3,8,3,3,6,2
23957.0,68,47,13.18,1,6,2,0,3,1
38547.0,22,49,12.34,1,8,1,0,2,1
35688.0,211,94,13.36,7,8,4,1,4,3
49605.0,127,65,11.53,1,3,2,1,4,0
59354.0,459,59,11.69,1,3,4,4,7,2
65747.0,460,96,11.82,4,6,8,1,6,1
46344.0,429,28,13.05,4,7,7,1,5,1
34176.0,89,12,11.64,4,6,3,0,4,1
61010.0,1021,57,13.23,2,5,8,5,11,1
69372.0,1381,10,12.86,1,4,10,4,6,0
49967.0,306,4,12.48,3,7,6,1,5,1
60199.0,18,49,12.3,1,4,0,0,3,3
55375.0,162,3,12.21,1,2,1,1,6,1
80317.0,1231,64,12.36,1,1,3,4,10,0
30523.0,13,0,12.5,1,7,1,0,2,3
70356.0,1706,20,13.15,2,6,10,6,9,0
23228.0,121,91,11.99,4,8,3,0,4,1
74165.0,1293,9,12.67,1,2,5,4,10,0
157243.0,1608,98,11.84,15,0,0,22,0,1
43482.0,88,83,12.13,3,6,2,0,4,3
62551.0,421,27,12.12,1,3,6,7,4,0
52332.0,259,63,12.34,1,4,3,2,6,0
66951.0,1117,46,12.16,1,1,3,4,7,0
26091.0,89,84,11.85,3,5,2,1,3,2
33456.0,36,58,11.7,2,7,1,0,3,2
28718.0,57,78,12.47,2,8,2,0,3,1
50447.0,148,4,11.7,1,6,3,1,3,2
53537.0,93,17,11.92,2,5,2,1,3,2
52074.0,119,77,11.74,1,4,2,2,2,1
80427.0,1835,56,13.3,1,5,11,8,8,1
83837.0,1318,79,13.04,1,4,9,10,5,0
38853.0,45,90,11.61,2,7,2,0,3,2
38285.0,10,96,11.52,1,2,0,0,3,3
78497.0,978,44,12.08,1,2,5,7,12,0
51650.0,191,81,11.64,1,5,4,1,4,1
16248.0,57,77,11.64,3,6,2,1,3,1
66835.0,1033,21,12.26,1,2,6,4,13,0
30477.0,66,16,11.94,1,6,1,1,3,1
28249.0,43,80,11.55,1,6,2,0,3,0
25271.0,50,45,13.07,1,9,1,1,2,1
32303.0,39,63,11.82,2,5,1,0,4,1
61286.0,608,34,12.41,2,5,7,1,8,1
74068.0,1581,14,12.79,1,2,4,10,9,0
45759.0,68,13,12.85,2,7,2,0,3,2
24882.0,80,52,13.31,1,6,1,1,2,1
66973.0,1282,98,12.62,1,3,8,7,12,0
36640.0,65,99,12.26,1,5,2,1,2,1
38872.0,91,93,12.59,2,8,3,0,3,1
51148.0,315,38,12.87,4,6,5,1,6,2
31353.0,31,24,12.01,2,8,1,1,2,2
69661.0,834,80,11.64,1,3,7,3,12,0
80067.0,1600,82,12.28,1,2,4,6,6,0
86718.0,1270,20,12.95,1,2,5,6,5,0
46854.0,263,81,11.75,6,8,5,1,3,2
69142.0,535,50,11.51,3,5,8,1,7,1
75922.0,1295,60,12.06,1,1,4,4,9,0
63693.0,1150,63,12.21,3,6,11,6,9,1
102160.0,1240,54,13.16,0,4,7,9,10,0
40637.0,38,72,12.46,2,7,1,0,3,2
18890.0,35,5,13.14,1,6,0,1,2,0
29604.0,53,88,12.06,1,9,1,0,3,1
48721.0,293,50,12.64,6,6,4,2,5,2
44794.0,65,99,11.56,1,6,2,0,3,1
64497.0,1804,17,13.31,5,8,11,4,9,1
46097.0,241,11,12.75,5,4,3,1,6,1
77972.0,1101,18,11.79,1,1,4,6,9,0
44377.0,264,70,13.24,8,8,5,1,5,2
46014.0,541,21,12.94,10,7,7,1,8,2
70951.0,1198,66,12.66,1,1,3,4,9,0
41443.0,482,79,11.75,6,8,8,1,5,1
52195.0,17,2,11.64,1,8,1,0,2,3
83790.0,1615,81,12.13,1,3,8,10,6,0
44551.0,285,24,12.33,2,7,4,1,5,1
69508.0,1135,48,13.13,2,6,11,4,11,1
45204.0,114,93,11.72,1,3,1,1,4,1
72460.0,1047,56,12.13,1,1,3,5,7,0
77622.0,714,3,11.72,2,3,6,3,11,2
30732.0,185,44,12.99,4,8,4,1,4,1
63887.0,1245,38,13.31,5,6,9,6,12,1
42011.0,189,46,12.77,4,8,3,1,4,1
51369.0,576,84,13.18,2,8,8,2,4,1
51537.0,1103,27,13.06,3,8,2,2,11,1
79930.0,1753,72,13.4,1,2,3,5,8,0
34320.0,17,66,11.87,1,8,1,0,2,1
37070.0,433,30,12.78,9,7,5,1,8,2
81975.0,1588,2,12.99,1,7,6,3,4,1
38590.0,22,65,12.63,1,8,1,0,2,1
15033.0,19,37,11.71,1,3,1,0,3,0
62745.0,1117,89,12.78,3,5,7,8,11,1
22212.0,69,49,12.06,2,6,2,0,4,1
23661.0,23,46,12.07,1,7,1,0,3,1
79761.0,605,32,12.24,1,3,5,2,11,1
7500.0,57,54,12.01,4,7,3,1,3,1
60182.0,22,23,11.62,1,4,1,0,2,1
73455.0,2088,98,12.18,1,3,6,5,10,0
64961.0,1009,97,13.02,2,3,6,4,4,1
22804.0,26,75,12.42,1,9,2,0,2,1
73687.0,1627,8,12.09,1,2,3,9,9,0
61074.0,1102,37,13.37,7,7,11,5,8,1
31686.0,17,31,11.57,2,6,1,0,3,2
80134.0,1690,40,12.62,2,6,5,3,6,1
75027.0,1390,74,12.98,2,5,9,4,6,1
67546.0,2126,90,13.33,1,3,4,10,5,0
65176.0,1531,57,13.17,4,6,9,6,6,1
31160.0,64,59,12.29,2,8,2,0,3,1
29938.0,26,52,12.18,2,6,1,0,3,1
102692.0,1112,5,12.74,1,2,6,9,13,0
26490.0,210,92,13.27,2,6,3,1,5,0
75702.0,1148,77,13.34,5,8,4,6,11,2
30899.0,33,35,13.22,2,6,1,0,3,1
63342.0,1101,48,13.21,3,6,8,3,5,1
45989.0,322,97,13.19,4,3,3,2,7,1
18701.0,44,95,12.58,4,5,2,0,4,2
40737.0,17,24,12.06,1,8,1,0,2,3
15287.0,31,60,13.22,2,7,1,1,2,1
69674.0,845,46,12.61,3,5,10,2,10,2
44159.0,275,85,11.54,4,5,4,1,6,1
37717.0,25,31,13.1,1,9,1,0,2,1
43776.0,275,9,12.91,6,8,5,2,4,2
38179.0,90,30,12.8,4,7,3,1,3,2
80124.0,1495,47,11.52,1,1,3,7,8,0
38097.0,184,70,13.21,4,7,3,2,2,2
72940.0,981,13,12.53,1,1,3,3,6,0
22070.0,67,11,12.24,2,6,2,2,2,1
69267.0,1635,31,13.27,2,7,3,4,5,0
31788.0,60,15,11.78,3,5,3,0,4,1
61905.0,231,2,11.9,2,5,4,2,4,1
29315.0,48,55,11.74,4,6,2,0,4,2
33378.0,99,38,12.9,3,7,2,0,4,2
66313.0,770,86,12.29,2,4,6,3,12,1
60714.0,957,56,12.95,2,5,7,4,10,0
77882.0,818,29,11.67,1,1,3,3,5,0
69867.0,925,30,12.75,1,1,3,5,8,0
63841.0,908,64,12.7,1,6,9,3,9,1
24480.0,102,46,12.88,3,7,3,0,4,1
51369.0,576,84,13.18,2,8,8,2,4,1
37760.0,317,20,13.33,2,7,4,1,6,0
65640.0,461,74,11.84,1,2,5,1,8,1
44319.0,37,18,11.71,2,5,2,0,3,2
30631.0,70,75,12.47,1,7,3,1,2,1
75278.0,930,17,12.92,1,3,6,3,13,0
50898.0,859,88,12.98,13,5,6,2,12,2
79946.0,1478,19,11.64,1,3,5,11,5,0
35416.0,390,62,12.55,3,8,7,1,5,0
32414.0,52,11,12.49,1,7,1,0,3,0
38361.0,137,74,12.01,3,7,3,1,3,1
82497.0,1919,32,13.17,1,4,2,7,9,0
16626.0,68,76,11.96,3,9,3,0,3,2
29672.0,25,6,12.81,1,6,0,0,3,2
55951.0,1374,62,13.36,3,8,3,6,11,1
35388.0,32,20,12.82,1,7,1,0,3,1
42386.0,100,43,12.96,1,8,3,0,3,1
68627.0,825,45,12.97,1,1,2,3,6,0
57912.0,916,34,11.79,5,5,8,3,12,1
35246.0,62,53,11.71,4,5,3,1,3,2
58821.0,728,44,12.22,1,6,9,2,9,1
46377.0,90,89,11.84,1,4,2,1,3,1
39747.0,273,43,11.72,3,8,5,1,4,1
23976.0,66,68,12.01,3,7,3,1,3,1
80950.0,1213,44,12.76,1,2,6,7,9,0
27038.0,107,64,13.28,1,9,3,0,3,0
77457.0,1157,85,11.82,1,1,2,5,10,0
64100.0,546,93,12.31,1,7,8,3,6,1
42670.0,241,12,12.68,1,4,4,2,4,0
12571.0,53,86,11.95,4,6,3,1,3,1
22574.0,37,28,12.18,2,7,2,0,3,3
52247.25135379061,1611,69,12.58,1,3,6,5,12,0
70893.0,1508,42,12.9,1,3,6,6,10,0
54198.0,235,13,12.04,6,4,3,1,6,2
28839.0,32,86,11.81,2,5,2,0,3,2
40321.0,102,59,12.42,2,7,3,0,3,2
66503.0,401,30,13.38,2,3,4,3,6,1
30833.0,28,33,12.46,2,5,1,0,3,2
52247.25135379061,1052,67,12.36,6,7,2,3,10,3
64795.0,680,23,12.95,3,2,3,3,12,1
34421.0,30,81,12.5,1,7,1,0,2,1
47025.0,20,6,11.89,1,7,1,0,2,2
64325.0,1307,41,12.9,5,7,10,3,5,1
40464.0,630,78,12.97,6,8,8,2,8,1
62187.0,1283,49,12.49,1,3,4,8,5,0
14849.0,65,39,12.5,3,8,2,0,4,1
27255.0,37,3,12.15,1,7,1,0,3,1
54432.0,38,37,12.65,1,4,1,0,3,3
29999.0,160,22,12.88,4,8,3,1,4,1
24072.0,23,79,12.71,1,8,1,0,2,1
33996.0,71,46,12.3,1,4,1,1,3,0
66334.0,1161,82,12.75,2,5,9,3,5,1
35178.0,59,10,12.97,1,7,1,1,2,1
22010.0,33,51,12.5,2,8,2,0,3,1
62204.0,946,38,13.3,1,3,4,5,12,2
75693.0,1442,10,13.07,1,4,11,4,6,0
30675.0,62,14,13.13,1,8,1,0,3,1
83003.0,1674,18,12.83,1,3,7,6,8,0
83532.0,1853,36,12.26,1,1,4,6,4,0
68655.0,1538,95,13.39,1,3,4,5,11,0
41411.0,139,11,12.07,1,6,2,1,4,0
55212.0,1182,65,13.1,3,8,4,2,11,1
59292.0,507,71,12.55,2,3,3,5,8,1
27190.0,18,13,12.38,1,8,1,0,2,1
82623.0,940,58,12.14,1,1,2,9,4,0
44300.0,42,65,12.52,2,6,1,0,3,2
84835.0,1190,0,11.54,1,1,4,4,6,0
30372.0,44,33,13.02,3,7,2,0,3,2
33181.0,16,90,11.99,1,6,1,0,2,1
71113.0,835,95,12.04,4,4,6,7,9,1
71952.0,1443,93,12.97,2,4,8,4,8,1
69759.0,1029,38,12.18,3,3,4,6,5,0
72099.0,1188,18,13.18,1,1,3,4,10,0
60000.0,1277,57,13.02,5,6,11,3,5,1
38643.0,49,45,12.09,2,7,2,0,3,2
50737.0,99,61,12.64,1,6,2,0,4,1
68462.0,1670,6,13.05,1,1,3,3,8,0
65073.0,900,65,12.36,1,2,5,3,5,0
46681.0,425,52,12.23,2,5,4,6,4,2
78618.0,2153,87,13.26,1,2,4,7,10,0
62187.0,636,38,11.78,3,4,6,2,10,1
28442.0,57,53,11.85,3,4,2,1,4,2
37717.0,25,31,13.1,1,9,1,0,2,1
51479.0,494,67,13.01,7,7,6,3,6,2
54803.0,693,65,13.36,2,4,6,2,9,1
79530.0,1348,64,12.62,1,2,4,10,11,0
31615.0,51,82,12.79,2,7,2,0,3,1
72025.0,1932,27,13.12,1,3,4,3,8,0
52614.0,990,63,13.08,2,8,2,4,8,1
35684.0,30,66,11.69,1,6,1,0,3,1
48178.0,254,69,13.18,6,8,5,1,4,2
29548.0,29,52,12.34,1,4,1,1,2,1
63810.0,1371,45,13.14,4,8,4,3,12,1
38578.0,73,2,12.53,3,8,3,0,3,2
46098.0,120,86,13.37,4,8,3,2,2,2
22585.0,81,23,12.79,1,9,1,1,2,0
30279.0,37,13,13.0,1,8,1,0,3,1
66426.0,1377,14,12.25,2,6,3,5,10,1
30822.0,51,92,12.55,1,7,1,0,3,1
33581.0,17,38,12.98,1,8,1,0,2,2
19986.0,22,74,12.13,1,7,0,0,3,1
27421.0,324,14,13.05,3,7,4,1,6,0
35688.0,211,94,13.36,7,8,4,1,4,3
36143.0,19,33,11.76,1,3,0,1,2,1
10245.0,41,32,12.63,3,5,1,2,2,1
43795.0,492,11,12.21,3,7,7,3,4,1
63381.0,1005,78,13.24,4,2,4,5,13,1
38823.0,114,56,13.34,1,6,2,1,3,1
83664.0,1173,57,12.65,3,5,2,2,12,2
90300.0,1738,7,11.99,0,1,5,6,8,0
62499.0,222,0,12.06,2,4,3,1,6,1
74293.0,1127,66,11.66,1,2,5,4,6,0
51012.0,209,86,12.7,1,6,4,1,4,0
70777.0,787,80,11.85,3,3,5,3,12,1
68682.0,1598,56,12.24,1,2,4,9,10,0
43824.0,186,18,13.29,4,8,3,1,4,2
15345.0,47,51,13.33,2,8,1,1,2,1
23442.0,27,71,13.02,1,7,1,0,3,1
14515.0,96,71,13.14,4,7,2,2,3,1
31395.0,64,80,12.78,4,6,2,1,3,2
75276.0,1040,2,13.26,1,5,9,4,9,0
42373.0,163,83,12.38,5,5,2,1,5,2
30507.0,343,29,12.81,1,7,5,1,4,0
55521.0,446,11,12.19,9,7,6,3,6,3
48006.0,41,55,11.56,1,6,1,0,3,2
27213.0,70,19,13.34,3,8,2,0,4,1
65808.0,272,1,11.59,3,6,5,1,5,2
30351.0,46,19,12.57,1,9,3,0,2,1
50437.0,490,28,13.21,3,7,7,1,8,2
23616.0,79,76,13.12,2,8,3,0,3,1
53858.0,915,50,13.14,4,4,4,3,6,1
66465.0,1485,1,12.76,3,6,11,9,12,1
46923.0,369,90,13.36,3,7,5,1,7,1
75072.0,1073,83,12.94,2,3,5,4,8,1
75865.0,1242,73,11.75,1,1,3,5,10,0
19789.0,78,24,12.11,3,5,2,1,3,1
80134.0,1378,11,11.88,1,5,2,7,11,0
91065.0,1474,33,12.85,1,3,7,9,9,0
49505.0,751,4,12.82,9,8,10,2,8,2
37401.0,48,14,11.65,2,7,2,0,3,1
30096.0,45,30,11.61,1,6,2,0,3,1
18492.0,10,75,11.57,1,8,1,0,2,1
82584.0,1435,26,12.58,1,1,3,4,8,0
93027.0,2119,77,12.72,0,2,7,10,5,0
48686.0,20,8,12.07,1,8,1,0,2,3
92910.0,1795,42,11.69,1,1,6,7,13,0
75433.0,1188,28,11.74,2,6,2,5,10,1
10404.0,43,52,11.66,2,5,1,0,4,1
61314.0,1008,1,12.68,2,3,5,5,12,1
84865.0,1688,1,12.65,1,4,2,4,9,0
42387.0,684,42,13.17,5,8,8,1,7,1
67309.0,1082,76,12.94,15,7,9,6,9,2
75236.0,1068,27,12.1,1,4,8,3,13,1
30015.0,57,28,11.91,2,5,1,0,4,1
50943.0,46,49,12.53,1,5,1,0,3,1
67272.0,733,12,12.03,3,5,6,2,12,1
51529.0,467,14,12.32,2,8,9,1,5,1
32011.0,122,89,12.36,3,7,2,1,4,1
7500.0,36,96,12.9,2,8,2,0,3,1
28691.0,34,56,12.49,1,8,1,0,3,1
56223.0,156,72,12.03,2,4,2,1,5,1
18100.0,14,14,12.4,1,5,0,0,3,0
30279.0,37,13,13.0,1,8,1,0,3,1
20130.0,34,99,11.79,1,8,1,0,3,0
23295.0,20,72,12.47,1,8,1,0,2,0
42618.0,192,92,12.23,2,8,5,0,4,1
81246.0,1379,87,12.01,1,1,4,5,7,0
24027.0,48,7,12.56,2,8,2,0,3,1
55707.0,428,91,12.02,2,3,3,2,9,1
57959.0,868,71,12.67,5,3,4,7,11,1
56796.0,1001,24,12.87,3,7,8,9,7,1
36230.0,59,17,12.21,1,5,2,0,4,1
70829.0,431,87,12.08,2,3,4,2,8,2
65991.0,971,21,13.32,3,7,9,5,10,1
38988.0,348,90,13.36,7,8,5,1,6,3
89572.0,2059,44,13.29,1,4,7,7,9,0
42207.0,265,71,12.75,4,6,4,1,5,1
50300.0,270,52,11.6,2,2,2,1,8,1
66664.0,1289,78,13.27,1,3,5,7,6,0
60597.0,893,2,12.0,4,7,2,2,8,1
70165.0,926,60,12.27,1,1,3,7,11,0
50520.0,135,25,11.92,2,6,3,1,3,1
80124.0,1495,47,11.52,1,1,3,7,8,0
33183.0,120,46,11.85,2,7,4,0,3,1
66582.0,1288,83,11.83,1,1,2,8,9,0
75261.0,1743,17,12.69,1,2,5,6,5,0
31880.0,15,13,13.17,1,8,1,0,2,1
53790.0,542,86,11.82,3,6,7,2,8,2
49269.0,890,92,13.38,3,7,7,3,12,1
61456.0,1388,47,12.76,4,4,6,10,13,1
37406.0,17,18,12.22,1,8,1,0,2,1
56937.0,906,81,13.41,7,6,8,6,9,1
38415.0,44,91,12.99,2,7,1,0,3,2
20518.0,25,58,11.62,1,5,1,1,2,1
62503.0,973,40,12.87,4,5,8,3,11,1
41644.0,31,67,11.65,2,3,1,0,3,2
55842.0,518,19,11.61,1,5,7,1,8,1
62010.0,530,93,13.19,4,5,6,2,7,1
41124.0,506,41,13.17,7,8,7,3,4,1
38961.0,70,60,12.0,1,7,2,1,2,1
37760.0,54,54,12.39,1,6,2,0,3,1
32233.0,296,26,13.37,2,9,6,2,2,1
43057.0,266,30,12.17,4,5,4,2,5,1
83151.0,747,93,13.22,1,3,5,9,4,0
78825.0,895,35,13.3,1,3,5,10,13,0
65104.0,1053,4,12.13,2,7,3,5,7,1
60093.0,735,92,12.52,2,6,7,2,10,1
14045.0,20,24,11.93,1,7,1,0,3,1
28457.0,205,96,13.18,1,8,4,1,4,0
78952.0,2092,11,13.27,2,6,2,5,12,1
46310.0,309,99,13.08,2,8,6,1,5,1
76005.0,1722,72,12.85,1,6,3,5,13,0
58308.0,900,77,12.97,4,8,2,6,3,1
55614.0,682,85,12.09,1,7,9,4,6,0
59432.0,663,88,12.72,3,5,5,3,11,1
55563.0,43,22,11.74,1,3,2,0,3,1
78642.0,1816,83,12.7,1,6,4,9,4,1
67911.0,976,63,11.61,3,3,6,7,11,1
65275.0,746,9,12.75,1,2,4,3,13,0
27203.0,64,92,13.4,2,8,1,1,2,2
48330.0,32,2,12.13,1,5,1,0,3,1
24279.0,263,6,13.01,1,8,4,1,3,0
64355.0,1445,66,13.35,2,8,4,3,12,1
50943.0,46,49,12.53,1,5,1,0,3,1
53653.0,1210,29,13.15,2,6,10,4,12,0
65665.0,945,77,12.08,1,3,5,10,8,1
81217.0,1157,77,12.45,1,1,3,7,11,0
34935.0,137,71,12.53,1,7,2,1,4,0
61250.0,730,49,13.04,6,5,5,2,12,1
39665.0,216,97,12.6,3,7,4,2,3,1
60152.0,943,6,12.76,1,3,6,4,12,1
48920.0,347,93,12.2,3,7,6,2,5,2
89120.0,1924,78,11.79,1,1,5,6,7,0
44124.0,397,62,12.64,4,8,6,2,5,1
81169.0,2089,47,12.72,1,2,5,7,9,0
36443.0,138,9,12.91,4,8,3,1,3,2
26095.0,42,77,12.5,1,7,1,0,3,1
71367.0,777,24,12.36,1,2,4,5,7,0
80184.0,1902,19,11.84,1,3,6,3,10,0
30630.0,52,67,11.93,2,7,2,0,3,2
73454.0,1651,95,11.84,1,5,2,4,6,0
42691.0,358,48,12.38,1,5,5,1,6,0
70503.0,1727,73,13.25,1,6,2,4,9,0
25545.0,210,35,13.31,3,6,2,2,3,1
32880.0,42,76,13.07,1,8,1,0,3,1
77863.0,1291,20,12.09,1,2,4,5,10,0
50353.0,442,72,11.56,1,3,4,4,6,0
61839.0,1895,20,13.39,1,8,4,8,4,0
49154.0,411,69,12.16,6,6,4,1,8,2
47682.0,521,80,12.87,4,5,4,3,8,1
72679.0,1168,65,12.28,1,1,4,7,5,1
57954.0,493,52,11.54,7,7,8,2,6,2
65316.0,260,65,12.69,2,4,3,2,5,2
28567.0,46,57,12.54,2,6,2,0,3,1
47352.0,319,70,12.72,4,7,6,1,5,1
44931.0,96,0,11.95,1,5,2,1,3,1
76982.0,1062,19,11.87,1,4,8,3,4,0
57247.0,232,50,12.4,2,2,2,1,7,1
22944.0,76,67,12.02,3,7,3,0,3,1
25315.0,54,46,12.15,3,8,3,0,3,1
43638.0,201,37,13.4,2,7,4,1,4,1
42710.0,406,38,13.09,2,6,4,5,3,1
84169.0,1919,9,12.4,1,3,7,6,6,0
54058.0,662,56,12.58,2,3,4,6,8,1
24683.0,41,98,11.82,2,5,2,0,4,1
85620.0,1600,68,11.98,1,1,3,6,4,0
47850.0,134,72,12.08,1,6,3,0,4,1
19514.0,69,47,11.93,4,8,3,1,2,2
27159.0,21,33,11.76,2,6,1,0,3,2
39548.0,54,87,11.75,2,3,1,1,3,2
21474.0,91,0,11.73,2,7,3,1,2,1
60504.0,526,73,11.9,2,6,6,2,8,1
22419.0,162,74,12.7,1,8,3,2,2,0
81698.0,1008,4,12.15,1,1,3,8,13,0
43462.0,240,50,13.3,6,8,4,1,5,2
54880.0,795,57,12.84,2,5,6,2,11,1
79908.0,1772,30,12.74,1,2,5,6,7,0
15315.0,64,27,12.41,2,5,2,0,4,0
87771.0,1957,61,12.61,1,6,5,10,4,1
33039.0,78,4,12.31,1,5,2,0,4,1
81741.0,1572,75,12.54,0,2,6,6,7,0
71499.0,795,12,12.52,2,4,8,3,13,1
62466.0,889,13,11.96,5,4,6,3,12,1
48799.0,331,9,12.15,3,3,3,2,7,1
52157.0,265,48,11.57,2,4,3,2,5,1
66565.0,1065,80,13.07,4,8,4,2,9,1
29298.0,11,60,12.32,1,5,1,0,2,2
47691.0,21,43,12.49,1,6,1,0,2,1
38200.0,17,19,13.07,1,7,1,0,2,2
44989.0,369,26,13.3,5,6,5,1,5,1
38443.0,38,58,11.93,2,7,1,0,3,2
38593.0,177,42,12.3,3,8,4,1,3,1
64413.0,279,27,12.42,1,5,5,1,5,1
36959.0,62,56,12.25,2,8,2,0,3,1
61996.0,1230,27,12.92,3,5,6,4,8,1
51287.0,182,10,11.75,3,7,4,1,3,2
13260.0,49,48,12.36,4,8,3,0,3,2
47472.0,75,39,12.29,2,5,2,0,4,2
54603.0,227,85,12.48,6,7,4,2,4,2
45207.0,215,64,13.14,5,6,3,1,6,2
40689.0,444,69,12.79,7,8,7,1,5,1
47821.0,47,54,12.2,1,8,1,0,3,2
27450.0,143,57,12.71,1,7,2,1,3,0
39453.0,55,64,11.75,2,6,2,0,3,1
26850.0,63,10,11.7,4,4,2,1,4,2
79800.0,1867,65,13.27,1,3,5,11,5,0
61794.0,611,74,12.3,2,2,4,4,10,1
53863.0,473,4,11.62,3,7,7,1,7,1
24221.0,55,94,12.36,1,4,1,1,3,0
39684.0,81,41,13.22,2,7,2,1,2,1
92163.0,2086,25,13.05,0,2,5,11,5,0
69882.0,1478,94,12.14,1,1,3,7,9,0
33178.0,49,9,11.92,1,4,1,0,3,1
59973.0,382,47,12.3,1,1,3,4,7,0
17459.0,69,12,12.28,3,7,3,1,2,1
23910.0,67,80,13.18,1,7,2,0,3,1
42169.0,30,20,12.2,2,8,1,0,3,2
26224.0,63,39,12.58,3,6,2,1,3,1
31089.0,79,57,13.37,3,8,3,0,4,1
30081.0,42,27,12.86,1,7,1,0,3,1
62807.0,819,83,13.33,3,5,5,3,12,1
72906.0,1151,79,12.29,1,1,3,4,9,0
61467.0,594,69,13.06,3,5,5,2,10,2
49618.0,129,77,12.93,4,7,3,1,3,2
21888.0,213,15,13.01,4,10,5,1,2,1
42429.0,67,99,11.88,2,5,1,1,3,1
26150.0,28,61,12.81,1,7,1,0,3,3
30801.0,45,23,13.18,2,7,1,0,3,1
81168.0,1193,84,11.65,1,3,6,4,7,0
26877.0,268,74,12.37,2,6,3,1,6,0
45006.0,266,90,12.45,1,3,3,1,7,0
18978.0,37,41,13.05,1,8,1,0,3,1
22574.0,37,28,12.18,2,7,2,0,3,3
48240.0,882,73,13.14,3,5,6,3,13,0
45837.0,373,88,12.43,5,7,6,2,5,2
35791.0,35,94,12.65,2,8,1,0,3,3
162397.0,107,31,12.58,0,1,0,0,1,2
54162.0,42,31,12.79,1,4,1,0,3,2
30522.0,326,6,13.37,5,2,1,2,9,1
54456.0,404,23,12.47,3,6,6,1,7,1
31632.0,95,92,12.47,1,7,2,1,2,0
72298.0,939,52,11.81,1,1,4,3,6,0
36975.0,33,50,12.01,1,7,1,0,3,1
72635.0,981,54,12.58,1,3,6,8,6,0
13624.0,36,93,12.95,2,6,2,0,3,1
84196.0,1237,56,12.58,1,3,8,4,7,1
70971.0,1825,28,13.28,7,7,11,11,5,1
34487.0,103,94,13.32,3,9,3,0,3,2
28769.0,191,76,13.04,3,9,4,1,4,1
69084.0,1586,43,12.12,2,8,7,3,13,1
65488.0,963,46,11.55,1,1,3,4,6,0
62466.0,889,13,11.96,5,4,6,3,12,1
32218.0,93,27,11.87,1,7,2,1,3,0
83917.0,1587,12,12.7,1,3,6,7,7,0
46102.0,16,3,11.81,1,7,1,0,2,3
84574.0,1375,72,12.58,1,5,9,11,11,0
56181.0,393,6,12.98,1,4,4,2,7,1
63120.0,1477,53,13.26,5,7,8,4,9,1
73691.0,1179,58,12.15,2,2,6,2,8,1
63381.0,1005,78,13.24,4,2,4,5,13,1
76140.0,1348,57,11.64,1,2,5,9,6,0
62859.0,1307,37,13.0,4,6,9,4,6,1
45906.0,486,20,12.65,2,5,5,4,4,1
77632.0,2252,73,12.81,1,2,4,2,6,0
46463.0,235,56,12.37,7,6,3,1,6,2
105471.0,1724,36,12.94,0,3,9,8,13,0
55282.0,235,9,12.05,1,4,3,1,6,1
78710.0,1092,42,11.61,3,4,7,6,12,1
66886.0,599,28,12.29,2,5,7,1,7,1
98777.0,2008,23,11.87,0,1,4,6,9,0
29103.0,48,38,13.35,2,9,1,0,3,1
67445.0,1174,63,13.39,5,6,9,6,12,1
50616.0,67,71,11.72,1,2,1,1,4,1
49431.0,365,9,13.41,2,8,7,1,5,1
153924.0,6,81,11.9,0,0,0,0,0,0
61278.0,165,87,11.99,2,6,3,1,4,1
26490.0,210,92,13.27,2,6,3,1,5,0
73059.0,1095,36,12.33,1,4,9,3,13,1
46734.0,223,86,12.19,4,6,3,2,3,3
56253.0,597,83,13.07,4,6,7,2,9,1
19986.0,22,74,12.13,1,7,0,0,3,1
58330.0,1064,87,12.02,1,4,6,4,13,1
25965.0,74,29,13.32,1,8,2,0,3,0
14661.0,26,88,13.0,1,6,1,0,3,0
18690.0,60,77,13.01,1,8,1,1,2,0
45068.0,20,25,12.63,1,7,1,0,2,1
21063.0,59,34,12.27,2,6,2,0,3,1
29187.0,34,43,12.65,1,8,1,0,3,1
54690.0,198,76,12.15,3,3,3,1,5,2
59304.0,1048,81,12.42,3,5,7,8,10,1
59247.0,574,87,12.15,5,6,5,2,9,2
66731.0,1029,33,13.3,4,3,4,3,6,1
77353.0,670,38,12.04,2,4,6,4,8,1
52614.0,990,63,13.08,2,8,2,4,8,1
26751.0,11,26,11.61,1,8,1,0,2,2
81300.0,1241,17,13.17,3,5,10,3,5,1
70337.0,576,75,11.99,1,1,2,2,12,0
36145.0,172,13,12.54,4,9,4,1,3,1
65295.0,664,19,12.02,1,2,3,3,13,0
68118.0,928,51,12.2,2,6,8,9,4,1
68743.0,2074,81,13.34,1,7,11,5,13,0
41039.0,467,32,12.44,1,8,8,1,5,0
38946.0,257,84,12.19,2,5,3,1,6,1
65777.0,1146,87,12.03,1,1,2,8,6,0
66476.0,689,99,12.82,2,4,5,2,11,1
86857.0,2114,96,13.3,1,2,5,6,10,0
160803.0,1717,21,13.41,15,0,0,28,1,0
77845.0,1346,40,11.63,1,1,3,5,12,0
69476.0,1044,3,12.25,1,2,4,6,4,0
50611.0,493,98,13.24,6,6,4,5,7,1
61209.0,957,73,12.35,1,2,5,3,4,0
42315.0,270,90,12.47,3,3,1,4,4,1
13084.0,29,29,12.16,1,6,1,0,3,0
47570.0,121,3,12.59,3,7,2,2,2,2
61923.0,126,94,12.43,1,3,2,1,4,2
34824.0,23,65,11.77,1,6,1,0,2,0
26518.0,57,33,12.73,3,8,2,0,3,2
45938.0,636,46,12.16,2,6,8,4,6,0
78468.0,1004,29,11.73,1,4,10,7,10,0
78901.0,734,99,12.29,3,4,9,3,5,1
71427.0,614,26,11.81,2,4,8,2,8,2
71022.0,1453,30,11.88,3,8,5,2,11,1
90247.0,1621,27,11.67,1,1,3,4,7,0
41335.0,187,24,12.01,3,7,4,1,4,1
71952.0,1443,93,12.97,2,4,8,4,8,1
35682.0,57,34,11.51,1,2,1,1,3,1
43185.0,637,88,12.73,2,8,9,3,6,1
66375.0,948,96,12.11,3,7,2,4,5,1
35178.0,59,10,12.97,1,7,1,1,2,1
25252.0,18,26,12.47,1,8,1,0,2,1
55250.0,903,49,13.19,4,5,7,5,10,1
33249.0,112,11,12.86,2,6,2,1,3,1
58398.0,596,44,12.63,3,4,5,4,8,0
50272.0,233,75,12.4,3,7,4,1,5,1
76618.0,1511,64,13.07,1,1,3,2,5,0
87305.0,1152,19,13.27,1,2,5,3,8,0
25851.0,48,45,12.88,2,7,2,0,3,1
58710.0,1185,77,12.75,6,6,11,5,9,1
45160.0,21,9,11.76,1,7,1,0,2,2
74806.0,965,1,13.03,2,4,5,4,5,1
59111.0,869,90,12.67,1,7,11,1,8,0
18988.0,16,43,11.61,2,7,1,0,3,1
72190.0,1947,79,12.88,1,3,5,6,4,0
7500.0,71,19,13.42,5,9,4,1,2,1
44794.0,65,99,11.56,1,6,2,0,3,1
80395.0,1380,62,12.1,1,2,6,5,12,0
75012.0,1027,41,11.93,1,1,3,8,11,0
56962.0,411,60,12.22,7,7,6,3,5,3
89891.0,836,17,12.71,1,4,11,6,8,0
35946.0,11,24,12.26,1,5,0,0,3,2
53593.0,480,60,13.4,8,8,7,2,6,2
66373.0,606,57,12.55,7,3,4,2,10,2
45072.0,284,74,12.21,5,8,6,1,4,3
89694.0,1472,22,12.23,3,5,4,3,4,2
72025.0,1677,46,11.67,1,2,4,8,13,0
67432.0,1335,69,12.76,2,4,8,5,4,1
70545.0,334,29,11.58,1,2,4,1,7,1
17487.0,18,37,12.79,1,7,1,0,2,1
62882.0,1338,26,13.39,2,4,7,5,6,1
64108.0,1099,8,12.78,4,5,6,9,11,1
34941.0,97,26,12.82,2,8,3,0,3,2
48767.0,63,79,12.0,3,5,2,1,3,3
38702.0,109,71,12.42,2,6,3,0,4,1
82224.0,902,83,11.93,1,3,6,9,5,0
83844.0,1574,57,12.64,1,1,4,4,11,0
17003.0,38,37,12.06,3,5,2,0,4,1
71163.0,960,30,11.81,1,1,3,8,12,0
33697.0,28,34,12.29,1,7,1,0,2,1
63564.0,1215,0,11.92,1,6,10,10,7,0
83443.0,1497,89,12.0,1,2,6,10,5,0
51518.0,449,92,12.24,2,3,3,2,10,1
58330.0,1064,87,12.02,1,4,6,4,13,1
80952.0,1757,20,12.84,1,8,8,5,11,0
75507.0,1440,56,11.67,1,3,8,6,6,0
63855.0,1006,28,12.89,1,4,7,3,13,0
62220.0,1226,55,13.39,5,6,7,6,5,1
58512.0,1171,25,12.28,5,8,3,4,8,1
40662.0,92,0,12.8,2,4,2,1,3,1
38829.0,99,86,11.74,1,5,3,2,2,1
35523.0,66,8,12.24,2,7,3,0,3,1
79146.0,564,33,11.69,2,6,8,1,8,2
78285.0,1427,13,12.18,1,3,6,4,10,0
31626.0,86,12,12.64,1,7,2,1,2,1
75127.0,833,92,11.61,1,1,2,11,5,0
48726.0,242,90,12.68,3,6,3,2,4,1
74985.0,1869,8,13.3,1,2,3,6,7,0
67430.0,1364,6,13.32,1,6,11,5,12,0
46891.0,183,91,12.33,1,4,2,1,4,1
62058.0,450,52,12.6,4,6,6,1,7,1
72063.0,758,3,12.5,2,2,5,2,12,1
78939.0,1507,57,12.05,1,3,8,5,6,0
42720.0,654,9,12.69,8,8,7,3,7,2
33622.0,81,22,12.72,3,7,2,0,4,2
6835.0,137,76,13.06,0,20,0,0,1,1
41452.0,16,86,12.82,1,7,1,0,2,2
40760.0,93,64,12.34,2,6,2,1,3,1
74250.0,1158,90,11.93,1,1,2,11,4,0
51124.0,43,79,12.04,2,3,1,0,3,2
72258.0,1525,28,12.3,2,2,6,9,5,1
71466.0,1230,86,11.74,1,1,4,4,10,0
36283.0,29,42,11.72,2,4,1,0,3,2
20587.0,25,39,11.64,1,7,1,1,2,1
30467.0,24,8,11.79,1,7,1,0,2,1
31590.0,38,40,12.54,1,8,1,0,3,1
20425.0,57,5,13.17,2,7,2,0,3,1
17144.0,47,96,11.87,5,7,3,0,4,2
42564.0,813,28,12.99,6,7,6,8,4,1
43783.0,629,22,11.59,6,7,7,1,8,1
40780.0,377,30,13.31,4,9,7,1,5,1
62847.0,1612,45,12.96,1,2,3,6,4,0
82017.0,729,58,13.15,1,2,5,4,7,0
16813.0,50,49,12.45,1,7,2,0,3,0
51267.0,270,37,12.17,4,4,3,3,5,2
46524.0,177,70,12.74,2,3,1,1,5,1
45183.0,315,33,12.95,1,7,4,1,7,0
70421.0,767,98,11.51,3,6,10,3,7,1
60161.0,1071,17,13.19,3,8,11,4,8,1
73926.0,1580,54,12.83,1,3,6,5,12,0
19329.0,60,39,12.05,3,8,4,0,3,1
61872.0,573,81,12.05,4,4,4,4,9,1
46984.0,41,71,12.77,1,5,1,0,3,2
34838.0,170,62,12.95,3,6,2,1,4,2
82716.0,1167,8,12.15,1,2,6,8,13,0
48192.0,1526,76,12.74,3,8,2,8,12,0
49681.0,458,66,12.16,6,7,7,1,7,2
56850.0,63,83,11.78,1,2,1,1,3,1
55267.0,405,28,12.19,4,3,3,4,6,1
59666.0,1027,87,12.78,7,8,3,2,8,2
72504.0,1478,43,12.74,2,2,5,9,6,1
26872.0,72,0,12.21,1,6,1,1,2,0
21359.0,48,1,12.7,2,8,2,0,3,1
73170.0,726,1,11.59,1,2,5,4,6,0
52750.0,860,72,12.9,6,4,5,7,9,1
91820.0,1497,72,12.1,0,1,5,5,12,0
65968.0,495,12,11.64,2,3,5,4,7,1
30772.0,20,89,11.81,1,6,1,0,2,2
22507.0,570,67,13.1,3,9,10,2,4,0
65685.0,769,54,11.76,1,5,9,2,9,1
25804.0,55,34,12.33,2,8,2,0,3,1
76412.0,1808,15,12.66,1,3,5,4,8,0
22063.0,55,43,12.4,2,7,2,0,3,1
57091.0,577,0,11.55,1,5,7,3,7,0
22419.0,162,74,12.7,1,8,3,2,2,0
87771.0,1957,61,12.61,1,6,5,10,4,1
78353.0,1576,51,12.71,1,8,10,2,11,1
93404.0,1616,97,12.65,3,5,3,4,7,3
37859.0,36,75,12.97,2,8,1,0,3,3
80995.0,1482,83,12.64,1,4,8,9,4,1
16529.0,22,23,11.84,1,6,1,0,3,1
55412.0,63,65,12.11,1,5,2,0,3,2
48789.0,680,94,13.31,1,6,6,4,7,0
56575.0,542,42,12.66,3,5,7,3,7,2
25130.0,50,10,12.25,2,7,2,0,3,1
35441.0,39,94,12.88,2,8,1,0,3,2
71391.0,1043,50,12.76,5,3,6,5,12,1
49494.0,385,46,12.68,2,7,6,1,5,1
81702.0,1633,98,13.27,1,3,7,7,12,0
45889.0,46,42,12.5,1,6,1,0,3,1
56628.0,761,30,11.78,2,5,7,6,5,1
34026.0,76,11,12.41,3,5,2,1,3,2
40049.0,290,61,13.09,3,5,3,2,6,1
34176.0,89,12,11.64,4,6,3,0,4,1
19419.0,70,76,13.14,4,9,4,0,3,1
82504.0,1066,2,12.43,1,1,3,6,7,0
81205.0,2009,43,11.96,1,2,5,6,7,0
61618.0,1345,27,13.25,2,3,3,6,8,0
55284.0,764,60,13.02,3,5,7,5,8,1
49980.0,195,79,12.19,2,5,3,1,5,1
15072.0,53,96,12.64,4,5,3,1,3,2
49166.0,368,17,12.55,2,6,5,3,3,1
65324.0,544,0,11.97,3,4,6,2,9,1
82347.0,1853,38,13.15,1,3,7,7,10,0
30843.0,35,43,11.6,2,5,1,1,2,2
46374.0,446,1,11.79,3,8,7,1,7,1
60474.0,1180,25,12.75,7,7,10,2,12,1
38576.0,41,2,11.83,1,7,1,0,3,1
55357.0,727,66,12.86,3,5,6,2,11,2
37758.0,40,49,13.24,2,8,1,0,3,2
85710.0,1062,5,12.66,1,2,6,9,10,0
23228.0,40,71,11.93,2,8,2,0,3,1
44602.0,292,35,11.87,6,8,6,1,4,2
7500.0,15,94,12.98,1,6,0,0,3,0
38683.0,341,80,13.24,6,7,4,1,6,1
49514.0,369,61,12.04,2,7,6,1,4,1
57906.0,401,29,12.56,3,4,4,2,8,1
43456.0,393,0,12.77,3,5,5,1,8,1
19485.0,10,80,12.27,1,7,1,0,2,2
53172.0,486,54,12.65,3,3,2,3,8,1
30545.0,69,71,13.21,2,7,2,0,3,1
70123.0,1727,27,12.26,1,3,5,7,4,0
62450.0,995,61,11.98,2,3,5,5,4,1
21675.0,45,55,11.56,3,7,4,0,3,1
42395.0,182,35,11.74,4,7,3,1,4,2
61346.0,989,34,12.24,1,3,5,7,10,1
80812.0,1677,95,12.29,1,2,4,8,5,0
42835.0,595,64,12.5,7,6,6,6,4,2
39922.0,156,30,12.88,2,8,3,0,4,1
86424.0,1226,12,11.74,1,1,6,9,12,0
17117.0,128,96,12.95,4,9,3,1,3,1
24762.0,86,16,11.89,3,8,3,1,2,1
35797.0,68,16,13.21,2,8,2,0,3,1
36627.0,16,78,12.44,1,5,0,0,3,2
51111.0,55,83,11.53,2,6,2,0,3,2
86857.0,2114,96,13.3,1,2,5,6,10,0
82072.0,2018,67,12.5,1,1,3,2,13,0
46231.0,263,87,13.1,4,9,6,1,4,3
42243.0,55,34,12.05,2,7,2,0,3,2
51195.0,564,46,12.75,8,8,9,2,5,2
68092.0,1281,7,12.04,2,5,2,6,10,0
31814.0,83,73,12.89,2,9,2,0,3,1
51390.0,353,54,13.31,6,5,5,2,5,2
76630.0,1003,93,11.96,1,1,3,10,11,0
26868.0,14,52,11.67,1,7,1,0,2,1
48948.0,902,53,12.91,2,6,7,10,5,0
55260.0,1139,81,13.05,2,6,8,10,5,1
64090.0,797,8,12.4,1,5,6,9,4,1
78331.0,1638,97,11.94,2,4,10,6,7,1
37087.0,401,50,12.39,3,6,4,2,8,1
21846.0,84,38,12.19,4,8,4,0,3,1
81320.0,928,61,12.9,1,2,4,3,10,0
54137.0,203,46,12.38,2,6,4,1,4,1
66825.0,858,73,12.47,1,2,4,5,6,0
57100.0,409,19,12.07,1,3,3,3,6,0
58917.0,282,10,12.77,5,5,4,1,6,3
85072.0,1423,94,11.73,1,0,3,4,10,0
86429.0,1449,10,12.11,0,2,7,4,7,0
45684.0,28,37,12.08,1,7,1,0,2,1
47889.0,67,94,11.99,1,5,2,0,3,1
45921.0,199,23,11.81,1,4,2,1,6,0
78420.0,1453,75,12.51,1,1,3,10,8,0
75114.0,1253,40,12.15,1,2,3,10,5,0
52278.0,1198,24,12.93,6,8,10,5,10,1
35641.0,178,11,12.47,2,7,3,1,4,1
95529.0,1990,29,13.08,1,3,7,3,7,0
62820.0,976,51,12.64,1,1,3,4,6,0
73113.0,1001,86,12.01,1,2,3,4,7,0
84169.0,1919,9,12.4,1,3,7,6,6,0
42607.0,350,30,12.12,2,3,3,2,7,1
74637.0,1650,73,12.62,1,3,6,9,9,0
46015.0,46,25,11.72,1,7,1,0,3,2
72354.0,1228,67,12.71,1,1,2,10,6,0
39858.0,95,67,12.93,1,6,2,0,4,1
34469.0,62,58,11.66,3,4,1,1,4,2
83033.0,1761,82,11.62,1,5,11,4,10,1
24401.0,467,98,13.33,3,8,6,1,6,0
77583.0,1149,93,11.89,1,2,4,5,9,0
74116.0,2052,53,12.0,1,2,4,4,10,0
74293.0,1127,66,11.66,1,2,5,4,6,0
68397.0,1416,6,12.12,1,3,6,9,5,1
79632.0,1113,42,11.73,1,2,6,4,9,0
46107.0,125,78,11.89,1,3,1,1,4,1
64950.0,966,29,13.39,2,7,11,2,10,1
25443.0,32,82,13.02,1,8,1,0,3,1
75127.0,833,92,11.61,1,1,2,11,5,0
32892.0,46,78,11.6,2,8,3,0,3,1
71796.0,960,54,12.19,1,4,9,3,4,0
67536.0,1829,45,12.61,3,8,11,5,11,1
55239.0,779,59,12.47,3,5,7,5,11,1
60554.0,811,8,12.39,2,6,8,4,9,1
64831.0,1120,51,12.56,8,6,6,3,5,2
56067.0,725,51,12.45,2,5,7,4,7,1
82025.0,1187,76,12.59,1,1,3,2,6,0
94384.0,2302,62,12.83,0,2,5,8,5,0
14906.0,66,86,13.02,3,7,2,1,3,0
51563.0,1250,60,13.25,1,8,4,4,10,0
57937.0,683,56,11.87,3,3,4,4,9,1
68274.0,305,83,12.25,2,3,4,2,5,2
39771.0,50,92,12.07,1,4,2,0,3,1
67893.0,995,31,13.25,2,8,3,2,9,1
27922.0,41,80,11.64,1,4,2,0,3,1
52190.0,77,39,11.65,3,5,2,1,3,2
44051.0,171,20,12.92,4,6,3,1,4,2
42767.0,131,53,12.64,1,8,3,1,2,2
46106.0,54,84,11.64,1,6,1,1,2,2
16927.0,53,50,12.89,5,8,3,0,4,2
59754.0,475,96,13.08,3,5,5,2,6,1
53700.0,694,94,13.37,4,5,5,5,8,1
59041.0,96,25,11.65,2,5,2,0,4,2
54237.0,361,48,12.68,4,6,5,2,5,1
70647.0,1079,65,13.28,2,2,4,7,13,1
52597.0,578,69,11.65,3,5,6,3,8,1
41021.0,64,12,13.0,2,6,2,0,3,1
40233.0,149,84,12.21,5,6,2,1,5,1
50183.0,231,47,11.52,7,5,3,1,6,2
54753.0,728,87,12.3,3,4,5,2,11,1
92955.0,1778,35,12.37,1,2,6,7,9,0
33471.0,93,47,13.22,3,7,3,0,4,1
34596.0,23,48,12.72,1,8,1,0,2,1
44010.0,662,46,13.22,6,9,10,2,6,1
84219.0,1198,27,11.91,1,1,3,4,10,0
40706.0,81,37,12.95,4,7,3,0,4,3
15716.0,92,8,13.13,3,8,3,0,4,1
59052.0,491,29,12.12,3,5,7,1,7,1
80573.0,1564,85,13.21,1,2,4,6,13,0
83715.0,926,2,11.91,1,0,2,8,13,0
82576.0,1910,66,13.42,1,1,2,4,12,0
56962.0,411,60,12.22,7,7,6,3,5,3
35704.0,94,54,11.99,3,4,2,0,4,2
53103.0,1085,70,12.3,5,7,10,6,7,1
46779.0,23,55,12.47,1,4,0,1,2,2
4861.0,6,20,11.53,0,14,0,0,0,0
33462.0,54,78,12.4,1,7,2,0,3,1
63693.0,1150,63,12.21,3,6,11,6,9,1
80763.0,1415,17,12.38,1,3,5,11,6,0
65352.0,405,43,12.36,2,4,4,2,8,1
82170.0,1908,13,12.1,1,2,5,6,7,0
75759.0,2486,46,12.18,1,5,9,7,9,0
79689.0,1315,65,12.64,1,2,4,9,13,0
35340.0,45,1,11.51,2,5,2,0,3,2
85683.0,1789,6,11.78,1,1,2,4,10,0
24884.0,19,32,13.09,1,7,0,0,3,1
42021.0,573,34,13.33,5,9,10,1,6,1
64449.0,805,70,11.87,4,4,5,3,12,1
64587.0,108,49,11.53,2,3,1,1,4,2
34824.0,23,65,11.77,1,6,1,0,2,0
75437.0,1493,25,12.14,1,6,8,4,10,0
26091.0,89,84,11.85,3,5,2,1,3,2
52845.0,936,7,12.38,3,6,8,8,6,1
46086.0,343,34,12.16,4,4,3,1,8,1
78028.0,528,38,13.31,1,7,6,4,9,1
95169.0,1901,1,12.23,1,1,4,3,4,0
56337.0,724,25,12.76,5,8,8,5,4,2
22434.0,58,25,12.88,2,8,2,0,3,1
36930.0,297,50,12.62,5,8,5,2,4,1
36130.0,488,46,12.91,6,4,3,8,4,1
65569.0,859,96,13.15,2,3,6,5,10,1
83844.0,1574,57,12.64,1,1,4,4,11,0
19514.0,69,47,11.93,4,8,3,1,2,2
36736.0,17,52,12.64,1,6,1,0,2,2
77568.0,2194,30,13.35,1,5,10,2,8,1
49187.0,116,63,11.97,1,2,1,1,5,1
30168.0,279,51,12.82,7,9,6,1,4,1
34053.0,103,14,13.31,1,8,3,0,3,1
38196.0,44,20,11.7,3,5,2,0,4,2
59412.0,406,56,11.7,1,3,4,2,8,0
70924.0,1363,41,11.73,1,3,6,6,7,0
54165.0,236,72,12.59,1,2,2,1,7,0
32300.0,39,1,12.99,1,8,1,0,3,1
20180.0,137,27,12.86,1,7,2,1,4,0
34961.0,79,77,11.53,3,7,3,1,3,1
28440.0,63,87,12.48,1,8,2,0,3,1
64504.0,1314,81,12.83,7,7,11,3,4,3
33564.0,71,51,11.52,1,5,1,1,3,1
17345.0,58,79,13.16,2,8,2,1,2,1
56320.0,702,11,12.73,3,4,5,4,9,1
28647.0,94,54,12.36,1,7,2,2,2,1
15038.0,80,93,12.92,2,9,2,1,2,1
32173.0,22,0,12.42,1,4,1,0,3,1
68316.0,1211,54,13.16,5,6,10,7,10,1
74538.0,1461,21,12.51,1,3,8,8,5,0
91700.0,1968,58,12.95,1,3,8,6,5,0
68695.0,1091,3,11.52,1,2,4,4,7,0
31056.0,55,99,12.94,1,8,1,0,3,1
79593.0,1366,70,11.64,1,2,5,6,7,0
28071.0,313,65,13.34,2,8,5,1,5,0
37334.0,62,44,11.84,4,4,3,0,4,2
46423.0,92,6,12.28,3,7,2,0,4,2
37126.0,72,9,11.76,1,6,1,2,2,1
47703.0,655,95,12.59,4,5,6,3,8,1
61180.0,704,70,11.69,2,3,5,5,6,1
38998.0,54,92,13.16,3,8,2,0,3,2
8028.0,178,62,13.28,15,19,0,1,0,0
76081.0,1033,85,11.61,1,2,4,5,4,0
34728.0,36,2,12.42,1,6,1,1,2,1
33168.0,122,0,13.22,3,7,2,1,4,1
33585.0,122,91,12.27,1,4,2,0,4,1
77037.0,1123,3,12.22,1,3,7,7,12,1
35196.0,497,68,13.13,6,8,6,1,5,1
44529.0,691,98,12.49,6,5,6,2,11,1
70924.0,1363,41,11.73,1,3,6,6,7,0
28764.0,12,16,11.57,1,8,1,0,2,2
69098.0,2440,82,12.87,1,5,7,8,9,0
25959.0,56,1,12.88,2,6,1,2,2,2
27100.0,37,64,12.74,1,7,1,0,3,1
70596.0,968,68,13.24,1,2,3,5,12,0
42557.0,270,98,13.34,4,8,6,1,4,1
53312.0,278,32,12.39,1,7,5,1,5,0
72228.0,1250,87,13.09,1,3,6,7,8,0
67605.0,938,84,12.75,1,1,2,8,6,0
62845.0,1178,3,13.25,11,8,3,4,10,2
65196.0,1155,34,12.44,2,5,7,6,11,2
42000.0,653,23,12.97,2,5,5,2,11,0
35860.0,49,37,11.62,2,5,1,1,2,2
65526.0,506,22,11.72,1,2,4,4,8,1
16860.0,38,19,13.3,3,7,1,1,3,2
83528.0,1650,7,11.67,1,1,4,10,8,0
64176.0,1826,52,13.41,8,6,8,9,8,1
22304.0,18,91,13.41,1,8,1,0,2,0
67023.0,906,93,11.83,1,2,3,7,13,0
32892.0,46,78,11.6,2,8,3,0,3,1
70713.0,1477,23,13.08,6,3,5,6,8,1
59925.0,766,83,13.08,3,6,9,2,9,1
39722.0,47,92,11.85,2,5,2,0,3,1
46610.0,467,4,12.45,1,6,6,1,6,0
88347.0,2116,32,12.5,1,1,4,7,9,0
87171.0,1298,27,12.67,1,2,6,7,11,0
26907.0,22,10,12.36,2,7,1,0,3,2
50014.0,396,9,11.94,2,5,4,1,8,1
41014.0,20,65,12.69,1,7,1,0,2,1
66294.0,967,68,11.79,1,2,4,3,5,0
36715.0,357,16,13.12,6,9,7,2,4,1
79456.0,1401,12,13.36,1,3,5,6,4,0
40479.0,15,95,12.37,1,4,0,0,3,1
75345.0,2087,16,12.91,1,3,5,8,6,0
54233.0,981,46,12.9,4,8,11,6,5,1
24163.0,17,3,12.22,2,4,1,0,3,2
84460.0,523,80,12.99,0,5,9,9,4,0
43776.0,23,77,11.66,1,6,1,0,2,1
71691.0,1192,0,11.79,1,2,4,7,5,0
85844.0,1958,62,11.59,1,2,6,6,7,0
39190.0,133,91,11.68,2,5,2,1,4,1
71367.0,777,24,12.36,1,2,4,5,7,0
38578.0,73,2,12.53,3,8,3,0,3,2
57236.0,121,22,11.81,3,3,2,1,4,2
61825.0,424,56,12.4,1,4,4,2,8,1
79803.0,868,54,11.58,1,1,4,3,5,1
80910.0,756,71,13.17,1,1,3,3,8,0
27590.0,12,38,12.69,1,7,1,0,2,1
56775.0,937,62,12.99,2,5,5,8,10,1
83829.0,1862,78,12.23,0,1,4,7,6,0
54210.0,367,18,12.62,2,5,4,1,7,1
38508.0,443,95,12.41,6,8,7,2,5,1
53187.0,267,66,12.18,2,5,4,1,6,1
30023.0,61,28,11.77,1,8,2,0,3,1
76045.0,1323,78,12.13,1,2,4,5,11,0
50870.0,63,13,11.53,1,5,2,0,3,1
15315.0,64,27,12.41,2,5,2,0,4,0
65463.0,562,17,11.92,2,5,6,2,9,1
66480.0,312,71,11.59,7,4,4,1,7,2
76773.0,1156,79,12.85,1,1,2,2,11,0
81698.0,1104,1,12.84,1,5,8,2,5,0
54466.0,16,78,11.89,1,5,1,0,2,2
98777.0,2008,23,11.87,0,1,4,6,9,0
16269.0,44,75,12.34,3,8,3,0,3,1
71819.0,1574,70,12.34,3,6,3,3,5,1
33569.0,63,10,12.21,1,8,1,1,2,1
36262.0,426,24,12.28,1,6,3,5,3,0
22634.0,96,47,12.96,1,8,2,1,2,0
47025.0,635,98,12.3,5,9,11,1,6,1
70566.0,757,4,12.24,2,3,6,5,9,1
31605.0,125,15,13.11,2,7,2,1,4,1
52034.0,332,67,12.62,5,7,4,2,5,2
48526.0,135,32,12.02,1,3,2,1,4,1
46734.0,330,40,13.12,2,7,6,1,5,1
39552.0,384,54,13.04,7,8,6,2,5,2
86358.0,1722,78,13.4,4,8,5,3,6,2
46931.0,78,94,11.69,2,3,1,1,3,3
16581.0,24,51,12.97,1,4,0,0,3,0
63998.0,1168,42,12.03,1,4,7,6,11,0
67381.0,957,67,12.96,4,7,2,2,9,1
25930.0,15,87,12.22,1,7,1,0,2,2
42693.0,57,29,11.57,1,5,1,0,3,1
85606.0,1956,89,13.13,2,3,6,7,9,1
72903.0,2013,74,12.17,1,4,7,5,8,0
49669.0,326,97,11.61,2,6,5,1,6,1
36778.0,77,63,13.41,3,9,3,0,3,2
85696.0,1313,88,12.66,1,1,4,6,9,0
10979.0,30,34,11.61,2,5,3,0,3,0
49678.0,315,81,12.91,2,7,6,2,4,1
56129.0,660,65,12.53,4,4,6,2,10,1
37155.0,74,51,12.92,1,5,2,0,4,1
21282.0,46,76,11.64,2,6,2,1,2,1
33419.0,86,76,12.37,2,7,2,0,4,1
63285.0,1103,84,12.15,1,3,6,5,13,0
21255.0,61,56,11.94,4,4,2,1,4,1
42162.0,145,31,12.12,2,6,3,1,3,1
54450.0,684,0,13.3,12,8,9,2,8,2
57744.0,411,91,12.13,2,8,9,1,4,1
26576.0,27,40,13.22,1,9,1,0,2,1
57513.0,1060,59,12.49,2,6,9,3,13,0
68142.0,1459,96,13.34,3,6,10,4,7,1
7500.0,18,61,13.34,1,8,1,0,2,1
83145.0,1833,14,13.27,1,2,5,9,11,0
54197.0,237,16,11.75,2,1,1,3,6,1
23091.0,48,98,11.59,4,7,2,1,3,2
46049.0,515,11,12.45,10,7,5,2,9,2
56715.0,1020,52,13.07,1,4,7,3,4,0
79410.0,1370,19,11.59,1,1,3,2,5,0
57304.0,1026,61,12.81,2,5,7,6,10,1
44375.0,301,73,11.78,1,5,4,1,6,1
54450.0,684,0,13.3,12,8,9,2,8,2
59594.0,499,74,13.2,1,7,8,1,7,1
80685.0,1004,55,13.36,1,2,6,4,10,0
40344.0,218,48,12.22,2,7,4,1,5,1
62710.0,606,53,12.61,4,4,4,2,12,1
48985.0,75,13,12.49,1,3,1,1,3,1
35322.0,106,34,13.36,3,8,2,0,4,3
77142.0,990,54,12.59,1,2,4,4,8,0
81657.0,1097,69,11.94,1,1,3,4,8,0
14421.0,16,81,11.87,1,5,1,0,2,0
20130.0,34,99,11.79,1,8,1,0,3,0
74214.0,1711,3,13.35,1,5,8,2,5,0
66726.0,438,61,11.97,3,7,8,2,4,2
23724.0,75,65,12.98,2,8,2,0,3,1
47353.0,225,93,12.13,3,5,2,2,6,1
33444.0,18,24,13.16,1,8,1,0,2,2
54386.0,470,8,12.62,2,3,3,2,10,1
28510.0,91,72,12.72,3,5,2,0,4,2
90638.0,2525,29,11.88,1,1,3,4,10,0
48070.0,504,33,12.96,3,7,8,2,6,1
43140.0,235,68,12.99,1,6,4,1,5,1
54959.0,1232,55,12.95,3,7,9,5,4,1
15056.0,88,76,12.66,5,5,2,2,3,2
26954.0,17,17,11.65,1,7,1,0,2,1
22327.0,24,94,12.41,1,5,1,0,3,1
44393.0,60,86,12.36,2,4,1,0,4,2
62000.0,1020,25,12.35,1,4,6,6,13,1
31497.0,155,22,13.07,2,8,3,1,4,1
45894.0,51,15,11.84,1,5,1,0,3,2
78579.0,1812,35,13.02,1,3,5,6,4,0
67369.0,1461,81,13.12,4,4,7,4,10,1
58401.0,96,55,11.7,1,4,1,2,2,1
62307.0,160,94,11.87,1,5,4,0,4,1
43641.0,139,50,12.69,3,6,2,1,4,2
63841.0,908,64,12.7,1,6,9,3,9,1
46891.0,183,91,12.33,1,4,2,1,4,1
70091.0,1161,11,12.75,2,8,5,2,10,1
78075.0,988,72,11.74,1,1,3,5,5,0
59184.0,1072,6,13.31,3,5,6,6,12,1
54809.0,174,0,12.3,4,4,2,1,5,2
58113.0,758,66,12.93,3,7,9,2,8,1
51412.0,195,42,12.0,2,4,3,2,4,1
15287.0,31,60,13.22,2,7,1,1,2,1
66636.0,1084,64,12.37,1,1,3,4,9,0
50965.0,685,87,12.86,3,8,10,4,5,1
84618.0,1672,96,12.11,1,2,6,9,10,0
18351.0,43,1,12.17,1,7,2,0,3,0
40451.0,49,54,11.87,1,5,1,1,2,2
36317.0,133,53,12.61,2,7,3,0,4,1
42213.0,363,96,12.22,2,7,5,1,7,1
65748.0,545,58,12.71,2,1,2,4,10,1
77044.0,1065,12,12.18,2,4,7,11,11,1
74918.0,2047,78,12.81,1,3,5,9,6,0
56721.0,296,64,13.17,5,6,4,1,5,2
42160.0,140,26,12.51,4,6,2,1,4,2
61559.0,530,8,12.46,1,3,4,2,10,1
33629.0,152,49,13.4,5,9,3,1,4,2
68682.0,1598,56,12.24,1,2,4,9,10,0
34377.0,114,55,12.95,2,7,2,2,2,1
8940.0,101,25,13.36,3,8,3,1,3,1
26228.0,25,50,12.27,1,8,1,0,2,1
77297.0,789,84,12.93,1,4,5,7,9,0
40211.0,87,30,12.42,2,8,2,1,2,2
33438.0,90,81,12.27,4,5,2,1,4,2
75032.0,1215,74,12.68,2,3,5,4,9,1
61284.0,811,76,12.22,1,6,11,2,8,0
22518.0,61,36,13.19,2,5,2,1,2,1
54730.0,405,64,12.38,5,4,4,1,8,1
38452.0,72,62,11.76,3,7,3,0,3,2
44421.0,189,53,12.87,5,8,5,0,4,2
38197.0,40,86,12.51,1,5,1,0,3,1
41986.0,63,15,11.89,3,4,3,0,4,1
28427.0,52,67,12.78,2,8,2,0,3,1
37395.0,39,47,11.67,1,6,1,0,3,1
64722.0,805,47,11.6,4,6,8,2,11,1
55249.0,130,81,11.71,1,3,2,1,4,1
84906.0,1631,98,12.24,1,2,5,6,12,0
28691.0,34,56,12.49,1,8,1,0,3,1
44213.0,152,48,12.09,4,6,2,1,5,2
25707.0,21,18,11.95,1,7,1,0,3,1
59062.0,71,74,12.24,2,4,2,0,3,3
76624.0,899,68,11.61,1,1,5,10,7,1
66000.0,711,36,11.7,1,1,1,3,5,0
27683.0,351,90,13.41,4,8,6,2,4,1
1730.0,8,65,11.62,15,20,0,0,0,0
7500.0,119,63,13.08,4,9,3,2,2,1
40521.0,21,82,12.74,1,5,0,1,2,2
20427.0,10,63,11.77,1,8,1,0,2,1
65106.0,973,55,11.61,3,6,8,3,13,1
69969.0,1536,64,12.35,1,3,4,2,6,0
67433.0,992,51,12.46,4,4,6,5,13,2
77766.0,1529,97,12.85,2,6,11,10,11,1
74716.0,860,92,12.3,2,4,7,3,5,1
68118.0,928,51,12.2,2,6,8,9,4,1
55158.0,418,72,13.42,4,7,7,2,5,2
62972.0,587,39,13.41,2,6,7,4,3,1
74190.0,641,49,11.64,2,2,4,2,11,1
39356.0,23,21,11.79,1,6,1,0,2,2
76653.0,2279,91,12.38,1,2,4,7,11,0
35860.0,49,37,11.62,2,5,1,1,2,2
90687.0,1779,98,12.61,1,2,6,2,8,0
73450.0,1804,85,12.07,1,3,7,8,11,0
31454.0,48,40,12.49,3,8,2,0,3,2
47139.0,83,2,11.82,2,7,2,1,2,2
83829.0,1862,78,12.23,0,1,4,7,6,0
53378.0,793,41,13.27,10,8,9,4,6,2
19656.0,84,94,12.89,3,7,2,1,3,1
45579.0,183,10,12.36,1,6,4,1,4,1
85485.0,1383,73,11.53,1,2,6,6,6,0
55956.0,999,22,11.73,2,4,7,3,4,0
64191.0,825,30,12.94,3,3,5,3,13,1
38808.0,246,21,13.35,4,8,5,1,4,1
57183.0,610,51,12.79,8,8,9,1,7,2
23748.0,76,97,13.11,3,8,2,1,3,1
66303.0,1286,56,12.84,4,8,3,4,11,1
37368.0,30,4,12.04,1,6,1,0,2,1
40800.0,99,77,13.0,2,7,3,0,3,3
71847.0,1192,95,13.28,0,3,6,7,9,0
46149.0,362,36,12.09,5,5,5,1,7,1
78687.0,2130,13,13.39,1,2,4,6,8,0
49118.0,1229,90,13.37,2,7,9,7,10,0
37633.0,38,49,13.28,2,9,1,0,3,2
39767.0,485,18,12.45,2,8,7,1,7,0
26997.0,434,89,13.15,2,7,4,2,5,0
33986.0,44,43,12.8,1,7,1,0,3,1
57091.0,496,82,13.1,2,7,9,2,5,1
46831.0,78,84,12.56,2,4,1,2,2,2
83151.0,2346,80,12.89,1,2,5,7,10,0
52531.0,794,68,13.0,2,6,7,2,10,0
15759.0,17,12,12.32,1,7,1,0,2,0
22804.0,26,75,12.42,1,9,2,0,2,1
43050.0,76,10,11.79,2,5,2,0,4,1
42997.0,15,91,12.07,1,7,1,0,2,2
48918.0,62,21,11.72,2,4,1,0,4,2
60033.0,198,28,11.76,2,2,2,1,5,1
34043.0,49,97,12.18,1,9,2,0,2,1
57811.0,802,49,12.52,5,5,7,2,11,1
78569.0,1736,14,11.86,1,1,4,6,4,0
7500.0,57,5,13.01,4,6,2,1,3,2
157733.0,59,37,12.58,0,1,1,0,1,1
94384.0,2302,62,12.83,0,2,5,8,5,0
23148.0,37,83,11.87,1,7,2,0,3,0
44267.0,310,48,12.85,5,9,5,2,4,2
71626.0,1305,94,13.16,1,3,5,5,8,0
60894.0,832,61,12.51,5,7,10,3,8,1
50200.0,401,70,12.75,6,8,7,1,5,2
81051.0,1501,43,11.61,1,2,5,5,12,0
65169.0,1189,23,11.96,1,6,10,4,13,0
59868.0,1194,37,12.44,7,6,11,2,12,1
65695.0,656,50,11.92,2,4,5,4,10,1
64857.0,1540,78,13.1,1,4,7,5,10,0
45143.0,311,74,12.35,3,7,6,1,5,1
74805.0,820,14,12.15,5,2,4,7,10,1
59060.0,274,77,11.97,3,4,3,1,7,1
27238.0,57,39,12.7,3,9,3,0,3,2
47009.0,448,89,12.25,4,4,3,2,8,1
46094.0,44,62,11.56,1,7,1,0,3,2
40321.0,102,59,12.42,2,7,3,0,3,2
37235.0,61,68,11.91,1,4,1,1,2,1
81843.0,1643,13,12.69,1,3,5,9,12,0
46692.0,397,37,12.57,3,6,6,1,5,1
77382.0,1121,36,11.98,2,1,5,7,12,1
37774.0,473,28,13.33,4,9,7,2,3,2
18393.0,50,2,11.76,2,8,3,0,3,1
72828.0,1678,17,12.88,6,7,6,3,13,1
24711.0,58,86,11.7,1,7,3,0,3,0
45503.0,170,54,12.27,1,5,3,1,4,1
6560.0,373,2,12.05,0,17,1,0,1,0
71604.0,1196,3,12.12,1,4,8,3,5,0
27244.0,101,84,11.82,2,7,2,2,2,1
48752.0,316,8,13.05,5,9,6,1,5,2
71434.0,1400,4,12.28,3,4,7,4,7,1
90842.0,1424,57,12.42,1,1,4,9,13,0
88097.0,844,24,13.37,1,9,6,5,8,1
51948.0,311,51,12.29,2,5,5,2,4,1
71853.0,1149,29,12.65,1,1,2,8,6,0
35876.0,129,13,11.7,1,6,3,1,3,0
40049.0,32,23,12.21,1,6,1,0,3,1
39660.0,299,36,13.4,3,9,7,1,3,1
50127.0,320,88,11.59,1,6,5,1,6,1
43263.0,441,2,13.11,3,5,5,2,6,1
62845.0,1178,3,13.25,11,8,3,4,10,2
18929.0,85,15,12.87,1,6,1,0,4,0
24367.0,24,58,12.78,1,9,1,0,2,1
33249.0,112,11,12.86,2,6,2,1,3,1
26887.0,30,27,12.89,1,6,1,0,3,1
50150.0,410,32,12.53,2,5,5,2,7,0
62061.0,800,12,12.33,3,6,10,4,7,1
85696.0,1313,88,12.66,1,1,4,6,9,0
76542.0,1483,91,12.76,1,2,4,8,10,0
70515.0,1258,12,12.19,1,2,6,6,4,0
18227.0,28,21,13.15,1,8,0,1,2,1
69139.0,227,23,11.93,1,4,4,1,5,1
69109.0,1555,10,13.14,1,4,6,6,7,0
69627.0,861,35,12.79,2,5,8,2,11,1
38136.0,103,69,12.69,2,8,3,1,2,1
62159.0,634,68,11.68,1,4,6,2,10,0
80695.0,1918,85,12.01,1,2,5,8,5,0
33316.0,131,34,12.24,3,6,2,1,4,2
58554.0,586,55,13.26,6,7,8,2,6,2
17256.0,62,10,12.1,2,8,2,1,2,1
53034.0,447,30,12.59,8,8,6,1,7,2
52203.0,939,36,13.42,1,6,8,7,11,0
59601.0,797,14,12.44,4,8,2,2,7,1
75154.0,1143,79,13.32,1,3,6,3,6,1
47025.0,415,52,12.15,3,6,6,3,5,1
37971.0,30,97,12.1,1,8,1,0,3,1
41335.0,187,24,12.01,3,7,4,1,4,1
67267.0,251,0,11.64,1,2,3,2,5,1
57338.0,237,96,11.67,2,5,4,1,5,1
50523.0,91,89,12.02,2,6,2,0,4,2
35791.0,35,94,12.65,2,8,1,0,3,3
50611.0,493,98,13.24,6,6,4,5,7,1
56242.0,971,72,12.83,5,6,8,4,11,1
48904.0,371,1,13.08,4,8,7,2,4,1
56243.0,396,26,12.0,6,5,4,2,8,3
21355.0,68,5,12.36,2,6,2,1,2,1
57420.0,322,22,12.52,3,7,5,1,6,1
52247.25135379061,317,39,12.75,2,5,4,2,6,1
46390.0,222,56,11.66,1,7,4,2,3,1
54342.0,177,74,12.5,4,6,3,1,4,2
52247.25135379061,45,87,13.33,1,5,1,0,3,2
52247.25135379061,21,49,11.97,1,7,1,0,2,2
20895.0,45,24,13.24,1,9,2,0,3,1
92344.0,1899,9,11.96,0,1,5,10,5,0
52247.25135379061,42,17,11.83,1,7,1,0,3,1
26907.0,22,10,12.36,2,7,1,0,3,2
44964.0,41,35,13.04,1,8,1,0,3,2
75507.0,1440,56,11.67,1,3,8,6,6,0
53761.0,325,7,12.22,6,5,4,4,3,2
22682.0,95,51,12.24,3,4,2,1,4,1
38887.0,42,17,11.83,1,7,1,0,3,1
41658.0,72,30,13.14,2,4,1,1,2,2
29791.0,20,21,11.63,2,5,2,0,3,1
63915.0,789,2,12.42,2,5,6,3,12,2
39996.0,15,85,11.61,1,6,1,0,2,2
26759.0,59,65,11.9,2,6,2,1,3,1
63841.0,908,64,12.7,1,6,9,3,9,1
51039.0,417,11,13.06,2,7,6,2,4,2
60544.0,289,92,13.35,4,6,5,1,5,2
65685.0,769,54,11.76,1,5,9,2,9,1
37716.0,188,4,11.7,2,7,4,1,3,1
36864.0,354,53,13.38,3,8,5,2,4,1
44511.0,727,39,13.22,6,8,8,4,8,1
36947.0,146,49,13.4,4,9,3,0,4,2
47352.0,319,70,12.72,4,7,6,1,5,1
67087.0,794,40,12.04,2,4,7,5,8,1
57045.0,454,40,13.31,3,3,4,2,9,1
36957.0,152,43,13.32,4,9,3,2,2,2
69389.0,797,17,13.26,1,4,7,2,12,1
80134.0,1690,40,12.62,2,6,5,3,6,1
43142.0,20,84,11.87,1,7,1,0,2,2
80589.0,1428,25,11.94,1,1,5,10,5,0
34412.0,209,62,12.88,3,9,5,0,3,1
57537.0,545,83,12.56,4,4,4,3,8,1
22634.0,96,47,12.96,1,8,2,1,2,0
51315.0,222,45,11.85,1,2,2,2,5,0
36026.0,61,34,11.79,2,6,2,0,3,3
24639.0,44,3,11.92,3,6,2,0,4,2
34578.0,8,1,11.72,1,6,1,0,2,3
65704.0,817,18,12.22,1,1,2,10,10,0
63810.0,1371,45,13.14,4,8,4,3,12,1
54132.0,42,81,11.87,1,7,1,0,3,1
18690.0,60,77,13.01,1,8,1,1,2,0
28164.0,78,23,12.66,3,7,2,0,4,1
34596.0,23,48,12.72,1,8,1,0,2,1
43269.0,19,61,12.29,1,8,1,0,2,1
38741.0,61,60,11.76,2,7,2,0,3,2
31907.0,449,75,12.83,1,7,6,1,6,0
27100.0,37,64,12.74,1,7,1,0,3,1
31163.0,38,54,11.88,1,6,1,0,3,1
92533.0,1131,84,12.03,1,2,6,5,11,0
34853.0,34,75,12.02,2,6,2,0,3,2
70844.0,294,16,12.17,5,7,6,1,5,2
31086.0,48,79,12.66,2,8,1,1,2,2
60544.0,289,92,13.35,4,6,5,1,5,2
20491.0,30,16,12.93,1,7,0,1,2,0
42523.0,125,96,11.69,1,2,1,1,4,0
39922.0,156,30,12.88,2,8,3,0,4,1
33402.0,70,60,12.45,3,8,2,1,3,2
36408.0,22,11,12.28,1,6,1,0,2,2
21645.0,65,75,13.33,3,9,3,0,3,1
78427.0,1930,36,13.19,3,3,3,7,10,0
82657.0,2283,71,12.26,1,4,7,5,10,0
51876.0,310,88,12.21,1,1,2,2,8,0
78041.0,1319,93,13.04,1,2,4,4,9,0
52852.0,879,93,13.08,4,8,10,7,5,1
70038.0,1244,54,12.18,1,2,4,4,8,0
69401.0,690,41,11.78,4,2,4,4,5,1
46053.0,209,46,12.87,3,5,3,2,4,1
77343.0,1134,28,11.56,1,1,3,4,9,0
73892.0,1507,40,12.13,1,1,3,11,8,0
40304.0,57,82,12.25,1,7,2,0,3,1
32727.0,529,38,13.34,2,8,7,3,5,0
68695.0,1091,3,11.52,1,2,4,4,7,0
43300.0,180,87,13.22,3,8,4,0,4,1
26290.0,77,49,12.97,4,6,2,0,4,2
93790.0,2349,16,11.88,0,2,6,7,12,0
38410.0,534,65,13.3,2,6,5,2,9,0
64866.0,556,9,11.93,4,5,7,3,7,1
57957.0,637,24,12.37,7,3,4,6,8,1
46015.0,46,25,11.72,1,7,1,0,3,2
16531.0,44,43,11.54,3,7,3,0,3,1
28072.0,47,10,12.48,1,7,1,0,3,1
49476.0,795,29,12.53,4,2,2,11,5,1
50725.0,586,45,12.88,4,8,8,1,8,1
83844.0,1574,57,12.64,1,1,4,4,11,0
41145.0,13,20,11.89,1,3,0,0,3,2
67419.0,1471,29,12.96,4,5,9,4,8,1
23162.0,65,82,12.03,3,6,1,1,3,2
34380.0,175,68,12.67,4,8,4,1,3,1
34704.0,40,65,12.68,1,5,1,0,3,1
94871.0,1078,99,13.33,1,7,8,5,4,2
65148.0,1115,9,13.12,2,4,6,6,7,1
39898.0,134,20,12.88,2,7,3,0,4,1
64857.0,1540,78,13.1,1,4,7,5,10,0
59892.0,87,26,12.16,1,3,2,1,3,1
41020.0,217,68,12.18,1,3,3,2,4,0
57072.0,1034,79,11.93,2,5,7,5,13,1
60474.0,1180,25,12.75,7,7,10,2,12,1
62807.0,819,83,13.33,3,5,5,3,12,1
19414.0,32,32,12.21,1,8,1,0,3,1
19107.0,46,49,12.36,2,7,1,0,3,1
75484.0,1159,50,13.41,2,4,7,3,6,1
70379.0,860,84,12.83,3,4,6,3,13,1
79419.0,1631,96,11.53,1,2,4,6,4,0
64014.0,444,56,11.56,7,7,8,2,5,3
76998.0,1910,85,12.97,2,6,11,8,8,1
49854.0,380,63,12.14,5,6,6,2,5,1
60585.0,736,17,12.52,10,5,7,4,9,2
42873.0,269,11,12.94,4,8,6,1,4,2
87679.0,2524,62,12.43,1,4,7,11,10,0
57867.0,612,48,12.25,7,6,7,2,9,1
35765.0,75,86,12.05,2,6,2,0,4,1
65492.0,1045,73,11.93,2,2,4,7,13,0
32952.0,55,36,12.08,1,7,2,0,3,1
53374.0,1064,34,13.38,6,9,4,2,9,1
71706.0,1443,16,13.13,4,5,9,5,7,1
68487.0,1366,48,12.96,1,4,9,7,13,0
53253.0,436,61,12.88,7,5,4,3,5,2
31163.0,38,54,11.88,1,6,1,0,3,1
42014.0,436,56,13.37,6,8,7,1,6,1
54108.0,747,74,13.15,13,8,8,2,9,2
49667.0,1396,35,13.36,2,8,5,10,5,0
63206.0,928,65,11.78,1,2,4,3,6,0
57136.0,642,48,12.48,9,6,5,2,10,2
46772.0,1048,88,13.15,6,8,11,8,5,1
78931.0,943,19,12.18,1,1,2,8,13,0
53977.0,907,21,12.56,5,5,5,5,12,1
84219.0,1198,27,11.91,1,1,3,4,10,0
46098.0,120,86,13.37,4,8,3,2,2,2
73538.0,1658,92,13.1,3,7,10,4,9,1
79529.0,1638,1,11.68,1,2,4,8,9,0
20981.0,73,14,12.67,1,8,3,1,2,0
51766.0,275,74,11.81,2,5,4,2,4,1
55759.0,854,84,13.09,5,8,10,3,8,1
33039.0,78,4,12.31,1,5,2,0,4,1
37787.0,106,50,12.28,1,8,3,0,3,1
27242.0,106,2,13.14,2,9,2,0,3,1
87188.0,1923,73,12.58,1,3,10,2,6,0
69930.0,1662,21,12.6,1,3,4,5,12,0
37697.0,84,82,11.9,1,6,2,1,3,1
37401.0,48,14,11.65,2,7,2,0,3,1
3502.0,5,56,12.72,0,14,0,0,0,1
58597.0,733,20,13.11,12,7,7,4,9,2
82032.0,1234,54,11.74,0,1,4,6,7,0
28087.0,112,77,13.05,3,7,2,2,2,2
74004.0,1658,5,11.85,1,3,4,6,4,0
19740.0,55,65,12.77,2,5,1,1,3,1
57036.0,1513,33,13.05,4,9,6,3,13,1
53083.0,271,65,12.63,6,7,5,1,5,2
69283.0,904,41,11.55,4,5,7,3,13,1
46098.0,120,86,13.37,4,8,3,2,2,2
23331.0,103,92,13.32,2,8,3,0,3,1
23331.0,269,97,13.24,6,9,5,1,5,1
9255.0,22,91,12.03,1,8,1,1,2,1
67786.0,1156,0,12.07,1,1,3,6,6,0
71969.0,1086,59,13.21,3,8,3,4,9,1
59235.0,1128,4,12.97,3,7,11,2,12,1
31928.0,72,5,11.76,2,7,3,0,4,1
74881.0,964,48,12.82,4,5,9,2,12,2
65819.0,1383,99,13.09,1,3,5,4,10,0
51411.0,18,81,12.6,1,5,0,0,3,3
51983.0,793,95,13.33,3,7,9,2,10,1
42386.0,100,43,12.96,1,8,3,0,3,1
30390.0,80,5,12.33,1,6,2,0,3,0
30983.0,167,50,13.14,1,8,4,0,3,0
66033.0,677,76,12.95,2,7,8,3,7,1
37284.0,23,46,12.76,1,6,0,0,3,2
57530.0,92,68,12.22,1,1,1,1,4,1
76800.0,641,33,11.82,1,1,4,4,7,0
63943.0,1106,50,13.33,1,5,6,4,6,1
76081.0,1033,85,11.61,1,2,4,5,4,0
67445.0,1174,63,13.39,5,6,9,6,12,1
37054.0,25,89,12.29,2,7,1,0,3,2
47175.0,240,81,13.18,7,8,4,2,4,2
31859.0,20,77,12.55,1,7,1,0,2,1
27215.0,102,50,12.94,4,6,2,1,4,3
70179.0,1034,10,12.45,3,5,7,3,13,1
39922.0,156,30,12.88,2,8,3,0,4,1
49681.0,458,66,12.16,6,7,7,1,7,2
24645.0,17,16,13.16,1,8,1,0,2,1
79865.0,792,12,11.54,1,1,5,10,5,1
44322.0,92,30,11.54,2,8,3,0,3,1
47958.0,407,8,12.95,2,5,6,3,5,1
63972.0,1269,93,13.08,4,4,5,4,10,1
75315.0,841,14,11.71,2,2,5,4,12,1
55517.0,633,53,13.26,5,9,11,1,6,2
75283.0,1019,26,12.76,11,4,6,3,5,3
82800.0,1315,23,13.1,1,3,7,6,12,0
38998.0,54,92,13.16,3,8,2,0,3,2
90638.0,2525,29,11.88,1,1,3,4,10,0
27161.0,52,41,12.18,1,7,1,0,3,1
42014.0,436,56,13.37,6,8,7,1,6,1
38201.0,268,19,12.76,4,8,5,1,5,1
45203.0,147,4,11.78,1,6,3,1,3,2
81574.0,1798,89,11.68,1,1,4,5,8,0
34935.0,137,71,12.53,1,7,2,1,4,0
60482.0,507,81,12.94,1,7,7,2,7,1
34633.0,15,31,11.94,1,6,1,0,2,3
78093.0,1105,53,12.05,1,1,4,7,5,0
82460.0,974,78,12.08,1,1,5,3,6,0
45903.0,66,80,11.69,2,4,2,1,3,1
81361.0,778,18,11.85,1,1,3,10,13,0
35860.0,49,37,11.62,2,5,1,1,2,2
40442.0,169,52,13.37,4,7,3,1,4,2
61482.0,299,39,11.51,1,2,3,2,6,0
34968.0,221,11,12.73,7,7,3,2,5,1
75794.0,1682,33,12.02,1,3,7,5,12,0
31497.0,155,22,13.07,2,8,3,1,4,1
74268.0,892,83,12.88,1,2,4,3,5,0
13724.0,58,43,13.33,1,9,2,0,2,1
45143.0,311,74,12.35,3,7,6,1,5,1
52569.0,95,54,11.74,1,3,2,0,4,1
48432.0,424,3,13.2,5,8,7,1,6,1
17144.0,47,96,11.87,5,7,3,0,4,2
36108.0,339,68,12.21,3,9,7,1,4,1
76445.0,1410,2,13.26,1,6,2,5,13,1
36663.0,35,40,11.68,1,2,1,1,3,1
53843.0,562,64,12.51,4,7,8,5,3,1
90226.0,2352,26,13.26,1,2,4,7,12,0
70638.0,1334,69,12.58,1,3,4,5,10,0
44512.0,32,57,12.34,2,4,1,0,3,2
27116.0,41,78,11.83,2,7,2,0,3,2
54072.0,39,71,12.43,1,8,2,0,2,2
71855.0,1141,59,12.96,4,3,5,5,11,1
51250.0,710,28,12.76,5,9,10,5,4,1
60432.0,401,61,11.81,5,6,7,2,5,1
65526.0,506,22,11.72,1,2,4,4,8,1
68655.0,1538,95,13.39,1,3,4,5,11,0
12393.0,57,38,13.07,1,9,2,0,3,0
64509.0,1722,19,12.37,1,4,6,3,9,0
33955.0,270,92,12.39,4,8,5,1,5,1
31353.0,31,24,12.01,2,8,1,1,2,2
55434.0,882,21,12.24,3,4,5,3,13,1
28359.0,16,35,12.18,1,7,1,0,2,1
57100.0,311,9,11.62,2,3,3,2,7,1
69139.0,227,23,11.93,1,4,4,1,5,1
52973.0,1152,92,13.15,7,8,9,6,9,1
51717.0,122,55,12.36,1,7,3,0,4,1
18793.0,77,14,12.97,3,8,2,0,4,1
66664.0,1289,78,13.27,1,3,5,7,6,0
50664.0,561,64,12.96,9,9,8,1,6,2
54414.0,211,49,12.94,4,4,3,1,5,2
54549.0,233,8,11.83,2,7,5,1,4,1
47111.0,1092,35,13.31,6,9,3,2,10,1
41003.0,601,11,12.79,1,6,6,2,8,0
19444.0,54,8,11.85,3,7,4,1,2,1
36301.0,78,53,12.18,1,7,3,0,3,1
73059.0,1095,36,12.33,1,4,9,3,13,1
42731.0,244,64,12.19,3,5,4,1,5,1
52854.0,116,43,11.77,2,5,2,1,4,2
22775.0,15,40,12.53,1,8,1,0,2,1
46681.0,425,52,12.23,2,5,4,6,4,2
59821.0,734,11,12.72,6,8,11,2,7,1
50002.0,638,21,12.54,2,7,8,2,7,1
69755.0,894,23,12.25,1,1,3,6,12,0
44078.0,41,17,11.53,2,5,2,0,3,2
30560.0,31,6,12.51,1,7,1,0,3,1
35924.0,34,56,11.78,1,5,1,0,3,2
64140.0,1750,71,12.27,5,5,2,5,6,2
56386.0,612,51,13.18,8,9,9,1,7,2
24594.0,29,94,12.06,1,5,1,0,3,1
75774.0,823,27,11.67,1,4,7,5,8,1
39228.0,20,1,12.64,1,4,0,0,3,0
58494.0,396,56,12.05,2,6,6,2,6,1
58684.0,813,71,11.54,1,2,5,3,12,0
57136.0,1179,18,12.62,1,6,7,5,7,0
56551.0,138,48,11.65,3,4,2,1,4,2
22448.0,55,86,11.84,3,3,2,1,3,1
82014.0,1511,48,13.36,1,6,3,6,12,0
34213.0,117,2,13.32,3,9,3,1,2,2
157146.0,1730,13,12.67,0,1,0,28,0,0
25358.0,32,57,12.44,2,6,1,0,3,1
35544.0,67,77,11.82,1,7,2,0,3,1
36634.0,335,0,12.59,3,7,5,2,5,1
62670.0,825,57,11.91,1,3,5,3,13,1
50334.0,694,24,12.44,6,6,7,4,6,1
72066.0,1792,55,11.52,1,2,4,6,6,0
50729.0,496,62,12.67,9,6,6,2,7,2
34916.0,231,89,12.63,4,9,5,1,3,2
64892.0,902,77,11.59,2,4,6,4,12,1
43602.0,68,45,11.97,3,6,3,1,2,2
33996.0,71,46,12.3,1,4,1,1,3,0
41473.0,76,80,12.53,1,7,2,0,3,1
63246.0,772,60,12.36,1,4,6,3,12,2
36732.0,47,71,12.01,3,2,1,1,4,2
69084.0,1586,43,12.12,2,8,7,3,13,1
77766.0,1529,97,12.85,2,6,11,10,11,1
37929.0,265,49,12.42,2,7,4,2,5,0
86610.0,1603,66,12.32,1,2,5,6,6,0
80141.0,2091,20,12.97,1,6,7,4,10,0
72635.0,981,54,12.58,1,3,6,8,6,0
69016.0,1533,61,13.11,4,5,8,9,13,1
20193.0,82,18,13.09,1,4,1,1,4,0
27573.0,244,45,12.77,4,8,5,1,4,1
15862.0,36,26,12.51,1,8,1,0,3,1
49544.0,404,0,12.88,2,7,5,1,8,1
33228.0,71,28,11.94,1,7,2,0,3,1
70440.0,1572,49,12.23,1,3,5,10,7,0
38232.0,122,84,11.95,4,5,3,1,3,2
22554.0,41,38,13.16,4,5,2,0,4,2
23536.0,10,53,11.58,1,3,0,0,3,1
49413.0,304,88,12.18,2,5,4,2,5,1
42231.0,37,99,11.77,1,5,1,0,3,2
78789.0,1754,12,13.4,1,2,4,6,5,0
56534.0,815,35,12.44,4,8,10,4,7,1
58350.0,1001,5,12.99,4,6,8,3,12,1
81217.0,1157,77,12.45,1,1,3,7,11,0
49090.0,688,45,12.45,3,7,7,2,9,1
61787.0,1319,71,12.49,1,5,8,4,6,0
18169.0,21,40,12.86,1,8,1,0,2,1
24336.0,31,82,13.35,1,7,1,0,2,1
18222.0,67,70,13.0,1,8,2,0,3,0
62335.0,708,87,12.61,2,2,3,3,13,1
42033.0,25,95,13.28,1,7,1,0,2,2
86580.0,746,72,12.84,0,1,4,2,5,0
41437.0,32,5,13.27,1,7,1,0,3,2
73705.0,1695,86,11.82,2,5,9,6,8,2
61064.0,1080,80,13.33,5,6,8,4,11,1
38452.0,72,62,11.76,3,7,3,0,3,2
18358.0,57,49,12.11,3,7,3,0,4,1
55012.0,660,85,11.78,6,5,8,2,9,1
9722.0,103,7,13.25,4,8,3,1,3,1
38175.0,153,6,12.27,3,7,3,1,4,1
58656.0,1220,25,13.28,4,6,7,8,13,1
52117.0,279,55,13.38,2,7,5,2,4,1
64813.0,745,81,11.99,1,5,7,2,10,1
54222.0,264,98,11.84,1,3,3,3,5,1
83512.0,2157,31,11.54,1,1,4,7,10,0
77520.0,1526,30,12.34,1,4,8,7,7,1
41154.0,69,98,12.73,1,5,1,0,4,1
80398.0,1597,92,13.14,1,3,5,8,12,0
18746.0,64,41,11.59,2,6,3,0,3,1
35196.0,497,68,13.13,6,8,6,1,5,1
60230.0,1067,78,12.62,2,5,6,3,6,1
22108.0,31,46,11.65,2,7,2,0,3,2
44392.0,211,71,12.32,5,7,4,1,4,2
55424.0,877,6,13.1,4,6,7,5,9,1
17688.0,11,82,12.96,1,8,1,0,2,1
92491.0,2034,71,12.67,1,3,7,5,12,0
90273.0,1991,32,12.05,1,2,5,6,7,0
82571.0,1686,28,11.75,0,2,6,5,13,0
38513.0,324,20,11.92,5,8,6,1,5,1
16653.0,69,10,11.7,3,6,2,1,3,1
42586.0,252,7,13.17,5,8,4,1,6,2
23529.0,54,67,12.98,1,6,1,1,2,1
74881.0,964,48,12.82,4,5,9,2,12,2
71107.0,1327,61,12.87,2,4,7,6,13,1
46910.0,68,36,11.78,2,6,2,0,3,2
18690.0,60,77,13.01,1,8,1,1,2,0
37244.0,55,90,12.68,1,7,1,1,2,2
82427.0,1456,35,11.81,1,1,3,5,12,0
75342.0,563,38,12.65,1,4,5,2,10,1
70044.0,1504,46,12.87,4,5,7,10,5,1
79146.0,564,33,11.69,2,6,8,1,8,2
77437.0,1125,70,12.1,1,1,4,5,13,0
54984.0,358,51,11.61,4,7,6,1,6,1
42403.0,42,18,12.05,1,8,1,0,3,1
55761.0,184,97,11.69,2,6,4,1,3,1
37292.0,460,32,12.7,5,8,6,3,5,1
45576.0,145,9,11.59,1,8,3,1,3,0
70321.0,1376,6,12.96,1,4,6,5,13,0
58086.0,792,80,12.95,2,8,11,3,7,1
81795.0,1382,74,13.18,1,2,4,11,7,0
28389.0,28,49,13.11,1,7,1,0,2,0
66835.0,1033,21,12.26,1,2,6,4,13,0
69901.0,882,95,12.59,3,5,7,3,10,1
80360.0,2231,56,12.83,2,2,4,4,5,0
63342.0,1101,48,13.21,3,6,8,3,5,1
44989.0,369,26,13.3,5,6,5,1,5,1
31859.0,48,3,11.84,1,7,1,0,3,1
51569.0,467,39,12.88,4,8,7,1,7,1
30372.0,44,33,13.02,3,7,2,0,3,2
16014.0,38,42,12.79,4,3,1,1,4,2
41120.0,81,80,12.15,3,6,2,1,3,2
39763.0,167,9,12.41,2,9,5,1,2,1
38725.0,45,52,11.64,2,4,1,0,4,2
77981.0,664,78,12.6,3,5,7,4,7,1
62905.0,622,68,12.31,3,4,7,2,8,1
13533.0,48,45,12.81,2,7,2,0,3,1
59481.0,461,47,12.19,2,2,3,3,8,1
72117.0,1073,34,12.36,1,5,9,7,9,1
21955.0,55,81,12.32,2,6,2,1,3,1
67131.0,976,72,12.77,3,6,9,2,12,1
36802.0,20,23,11.54,1,5,1,0,3,1
71853.0,1149,29,12.65,1,1,2,8,6,0
28249.0,43,80,11.55,1,6,2,0,3,0
47808.0,224,30,12.2,2,7,3,2,3,1
25509.0,101,15,13.28,3,9,3,0,3,1
51012.0,209,86,12.7,1,6,4,1,4,0
70596.0,968,68,13.24,1,2,3,5,12,0
85431.0,1165,54,12.56,1,0,2,7,7,0
42664.0,24,44,11.79,1,6,1,0,3,1
42586.0,252,7,13.17,5,8,4,1,6,2
29760.0,165,87,13.34,4,8,3,1,4,1
28973.0,269,59,13.22,2,8,5,1,5,0
39435.0,102,16,12.4,1,7,3,1,2,1
65370.0,461,1,12.42,1,1,2,3,13,0
20194.0,47,64,13.04,2,6,2,0,3,1
42473.0,144,72,11.87,3,5,2,1,4,2
64590.0,1338,98,13.21,1,6,9,4,10,0
71232.0,917,91,12.09,2,7,11,2,10,1
34600.0,318,8,13.0,5,8,5,2,5,2
46904.0,253,20,13.16,4,8,5,1,4,2
49094.0,502,6,13.28,5,6,6,3,6,1
36075.0,119,54,12.06,1,6,2,0,4,1
60839.0,1250,72,13.34,13,8,2,2,12,2
77298.0,969,46,12.16,1,3,6,6,11,1
34026.0,76,11,12.41,3,5,2,1,3,2
48918.0,62,21,11.72,2,4,1,0,4,2
82122.0,1382,89,12.38,1,1,3,9,13,0
37697.0,84,82,11.9,1,6,2,1,3,1
34074.0,255,69,12.47,5,6,3,3,3,2
28520.0,43,55,12.55,1,6,1,1,2,2
62535.0,398,13,12.24,1,3,3,2,8,1
36273.0,76,80,11.71,2,6,3,0,3,1
63404.0,902,97,11.57,2,4,6,3,4,2
75774.0,823,27,11.67,1,4,7,5,8,1
78416.0,1179,99,11.51,2,3,7,7,10,1
75702.0,1921,87,13.21,1,6,10,5,13,1
59385.0,185,85,12.68,2,5,3,1,4,2
37070.0,433,30,12.78,9,7,5,1,8,2
44689.0,34,82,11.97,2,7,1,1,2,2
53977.0,907,21,12.56,5,5,5,5,12,1
7144.0,416,92,12.07,0,0,23,1,1,2
18701.0,44,95,12.58,4,5,2,0,4,2
90369.0,1588,2,11.68,1,1,4,6,6,0
63159.0,1797,74,13.15,1,3,3,5,8,0
37758.0,40,49,13.24,2,8,1,0,3,2
46757.0,1143,71,13.12,6,9,4,4,7,1
79734.0,914,72,11.51,1,1,4,3,6,0
63207.0,1502,68,12.95,1,7,2,3,6,0
72071.0,1338,4,12.88,3,2,5,4,8,1
21840.0,27,80,12.45,1,9,1,0,3,1
58582.0,763,15,12.26,2,5,9,2,9,1
72282.0,1331,70,12.45,1,7,5,7,9,0
50387.0,525,91,12.33,3,5,6,2,8,2
32583.0,9,10,11.55,1,7,1,0,2,2
62568.0,953,99,11.73,3,4,5,3,5,1
44635.0,68,25,12.22,2,7,2,0,3,2
33316.0,131,34,12.24,3,6,2,1,4,2
63967.0,882,57,12.39,3,2,4,4,12,1
52513.0,1149,84,13.32,2,7,9,5,9,0
25293.0,37,51,12.29,1,8,1,1,2,1
54111.0,388,97,12.35,2,5,5,2,6,1
78394.0,1428,13,12.87,1,2,4,6,5,0
80739.0,1633,92,12.61,1,1,3,11,9,0
22669.0,173,30,12.61,3,9,4,1,2,1
29236.0,99,30,12.23,2,9,4,0,3,1
44911.0,215,11,12.8,3,7,4,1,4,1
54693.0,929,72,12.87,8,6,6,4,13,1
48186.0,219,39,11.78,3,7,4,1,4,1
54809.0,174,0,12.3,4,4,2,1,5,2
41580.0,92,15,13.06,3,5,2,1,3,2
80336.0,1052,12,12.31,1,1,2,9,13,0
47743.0,275,56,12.78,3,6,4,1,6,1
62972.0,587,39,13.41,2,6,7,4,3,1
57333.0,1662,55,13.27,11,6,8,5,9,1
32313.0,159,60,12.88,3,9,4,0,4,1
84953.0,1024,73,12.58,1,2,3,10,4,0
27071.0,35,90,11.69,2,6,2,0,3,1
68148.0,1042,86,12.33,1,2,4,4,6,0
65735.0,395,37,12.07,5,7,6,2,6,2
86836.0,557,7,13.3,1,5,6,10,6,0
4023.0,9,29,11.52,15,19,0,0,0,2
30093.0,69,19,12.48,1,7,2,0,3,0
57705.0,486,14,11.97,3,6,8,1,6,1
25008.0,34,72,11.91,2,8,1,0,3,1
83257.0,1365,56,13.28,1,6,5,10,12,0
22280.0,13,85,12.62,1,8,1,0,2,1
72159.0,1401,62,13.17,1,2,4,6,10,0
64260.0,1574,1,12.97,1,3,4,5,4,0
82733.0,1323,28,12.31,1,4,8,4,7,0
74290.0,1217,70,12.39,4,6,10,8,10,1
58217.0,103,84,13.12,1,6,2,0,4,3
21024.0,84,89,12.49,1,7,2,0,4,0
70116.0,1536,73,12.93,1,1,2,8,12,0
54006.0,581,42,13.28,2,7,8,1,7,1
69063.0,928,16,13.15,1,3,5,3,5,1
11448.0,14,16,12.04,1,6,1,0,2,0
61825.0,424,56,12.4,1,4,4,2,8,1
70886.0,960,65,12.21,1,2,5,4,4,1
69109.0,1555,10,13.14,1,4,6,6,7,0
60208.0,656,13,13.23,11,7,8,3,7,2
32889.0,55,78,12.32,3,5,2,1,3,2
34738.0,20,51,11.64,1,6,1,0,3,1
30538.0,367,27,13.25,4,10,9,0,4,1
82326.0,2257,30,11.81,1,2,5,10,6,0
26642.0,42,71,11.84,2,6,2,0,3,1
69932.0,1049,97,12.55,2,4,7,6,11,1
44503.0,48,83,11.71,2,6,2,0,3,2
60200.0,685,3,12.99,6,6,6,2,11,1
49638.0,39,71,11.7,1,2,1,0,3,1
23830.0,43,3,11.9,1,7,1,0,3,0
33051.0,835,15,13.38,3,9,9,1,8,0
72905.0,1515,52,11.94,1,1,3,7,9,0
69702.0,1039,8,12.86,2,4,7,7,10,1
70300.0,1596,89,12.46,3,8,5,5,13,1
70643.0,1828,66,13.21,1,6,5,8,4,0
30396.0,34,22,11.67,2,7,1,1,2,1
50616.0,149,56,11.7,2,7,4,0,4,1
62772.0,946,74,12.62,1,2,5,6,11,1
30298.0,28,48,11.62,1,3,1,1,3,0
52413.0,450,67,13.16,2,7,7,1,7,1
44155.0,46,24,11.95,1,4,1,1,2,2
86979.0,1702,67,12.15,1,2,5,5,5,0
76532.0,820,38,12.31,4,5,9,5,7,2
42081.0,382,86,12.84,2,6,6,3,4,1
67546.0,2126,90,13.33,1,3,4,10,5,0
88420.0,2069,87,11.67,1,1,4,7,8,0
31158.0,72,62,12.93,2,8,2,0,3,1
61671.0,732,23,11.58,8,8,10,4,6,1
69719.0,801,99,11.6,1,1,2,3,5,0
49160.0,236,29,12.2,2,6,3,1,6,1
24882.0,80,52,13.31,1,6,1,1,2,1
90933.0,1685,90,11.75,1,1,4,6,4,0
113734.0,277,9,11.59,0,1,27,0,0,0
59292.0,507,71,12.55,2,3,3,5,8,1
45759.0,68,13,12.85,2,7,2,0,3,2
22148.0,49,16,11.72,1,7,1,0,3,0
73395.0,397,94,11.79,1,2,4,4,6,0
29819.0,39,77,12.19,3,6,3,0,3,1
45688.0,306,20,11.93,2,4,3,1,8,1
62820.0,976,51,12.64,1,1,3,4,6,0
60491.0,1028,81,12.32,4,5,6,11,7,1
33235.0,70,71,11.9,1,7,3,0,3,1
35701.0,46,36,12.79,1,6,1,0,3,0
31535.0,51,95,12.26,1,7,1,1,2,1
92556.0,1263,32,11.7,0,0,3,5,13,0
67384.0,1490,32,13.14,2,5,7,8,5,1
80573.0,1564,85,13.21,1,2,4,6,13,0
77870.0,1815,93,13.36,3,8,5,5,5,1
52278.0,1198,24,12.93,6,8,10,5,10,1
57107.0,416,44,13.35,7,8,4,4,8,1
18929.0,85,15,12.87,1,6,1,0,4,0
36038.0,47,82,12.59,2,6,3,0,3,1
20180.0,137,27,12.86,1,7,2,1,4,0
34230.0,21,72,13.01,1,7,1,0,2,2
31878.0,70,7,11.53,1,3,1,0,4,1
70932.0,909,57,11.95,2,3,6,2,12,1
91249.0,1676,84,13.2,0,4,7,9,6,0
77598.0,1735,53,12.25,1,3,7,5,13,0
80982.0,1191,48,12.98,3,5,11,5,11,2
22701.0,24,2,12.32,1,5,1,0,3,1
55212.0,1182,65,13.1,3,8,4,2,11,1
70617.0,1280,45,12.52,1,2,3,3,7,0
64849.0,1336,42,13.13,1,5,9,3,6,0
62694.0,749,29,12.54,5,7,9,3,7,2
61917.0,91,83,12.11,1,5,2,0,4,2
67472.0,414,93,12.26,2,3,4,2,7,1
21059.0,44,40,11.98,3,6,3,0,3,1
29543.0,63,47,11.75,2,7,3,1,2,2
75903.0,901,50,12.73,2,3,6,6,9,1
34984.0,38,40,13.32,2,7,1,0,3,2
54998.0,455,3,12.81,5,4,4,2,9,1
54356.0,775,62,13.12,3,8,11,2,8,1
34242.0,15,25,11.78,1,5,0,0,3,1
25410.0,38,48,12.33,1,4,1,0,4,1
73356.0,1512,56,11.9,1,2,5,11,5,0
28320.0,43,68,12.96,1,8,1,0,3,1
23763.0,42,64,13.4,1,7,1,0,3,1
72570.0,1089,67,11.68,1,1,4,6,12,0
34529.0,162,94,13.3,2,7,2,2,3,1
70792.0,1272,82,12.9,2,3,3,4,10,0
63211.0,1173,3,13.16,2,2,3,8,7,0
83891.0,816,24,11.53,1,1,4,7,10,1
36065.0,74,54,12.75,3,8,3,0,3,2
39898.0,134,20,12.88,2,7,3,0,4,1
51141.0,157,96,12.48,1,5,3,1,4,0
56939.0,561,19,12.28,2,3,3,3,10,1
80872.0,1336,60,11.64,1,1,4,4,10,0
72335.0,2092,2,13.38,1,8,10,4,8,0
61798.0,463,13,12.1,1,4,4,2,9,0
76842.0,1130,37,11.66,1,0,1,8,7,0
29478.0,20,59,11.95,1,6,1,0,3,1
46998.0,377,55,13.19,5,7,5,3,5,1
96843.0,1544,60,12.69,1,2,6,11,10,0
56551.0,138,48,11.65,3,4,2,1,4,2
70053.0,1012,38,12.5,3,5,8,5,10,1
71670.0,1766,8,12.48,1,6,5,3,6,0
44359.0,45,19,11.54,3,3,2,0,4,2
40887.0,161,32,12.65,3,9,3,1,3,2
48877.0,144,27,11.99,1,7,3,0,4,1
74485.0,1734,58,12.35,1,3,6,7,12,0
64474.0,823,59,12.19,2,5,8,2,10,1
77226.0,1138,29,11.84,2,3,6,8,12,1
72643.0,1429,60,12.84,1,2,3,10,7,0
85738.0,1371,41,11.94,1,1,3,6,11,0
55686.0,982,27,12.88,2,4,6,3,5,1
39062.0,44,28,11.77,1,4,1,0,3,1
34600.0,318,8,13.0,5,8,5,2,5,2
40794.0,434,18,12.73,2,7,6,3,5,1
54690.0,198,76,12.15,3,3,3,1,5,2
4428.0,359,0,12.24,0,1,25,0,0,1
32632.0,576,32,13.41,2,5,4,4,8,0
38236.0,88,2,12.28,4,7,3,0,4,2
36781.0,63,16,11.73,1,8,2,1,2,1
31385.0,27,56,13.07,1,8,1,0,2,1
24570.0,193,97,12.84,3,9,4,0,4,1
25509.0,101,15,13.28,3,9,3,0,3,1
94642.0,2211,35,11.88,0,1,5,7,9,0
58646.0,140,3,12.56,1,4,2,1,4,1
53201.0,415,49,12.88,8,7,6,3,5,2
21994.0,22,4,13.02,1,5,0,0,3,1
57113.0,263,45,12.9,6,7,4,1,5,2
51373.0,393,37,12.53,1,4,3,5,3,0
23477.0,147,39,12.19,3,8,3,0,4,1
58116.0,443,38,11.72,2,2,3,3,8,1
72968.0,1958,8,12.04,1,3,5,5,8,0
39791.0,174,89,12.76,2,7,3,1,4,1
91712.0,2217,47,12.21,0,3,9,7,11,0
94472.0,1691,75,11.75,1,5,5,5,5,1
13672.0,25,86,12.71,2,8,1,0,3,2
96547.0,809,4,11.61,0,2,7,6,8,0
79205.0,895,73,13.34,1,4,6,5,4,0
56559.0,484,46,13.02,3,4,4,3,8,1
32644.0,413,38,12.96,4,8,7,1,6,1
67506.0,331,73,11.99,1,3,4,1,6,1
24206.0,25,66,12.82,1,6,1,0,3,1
28420.0,13,36,12.02,1,6,1,0,2,1
22979.0,115,29,13.32,3,8,3,2,2,1
33279.0,16,29,11.55,1,3,0,0,3,0
46423.0,92,6,12.28,3,7,2,0,4,2
30368.0,52,97,12.15,2,8,2,0,3,1
63684.0,1464,61,13.1,3,5,8,4,8,1
41638.0,441,68,12.88,4,8,5,5,3,1
68805.0,283,73,12.29,1,2,3,1,7,1
65814.0,747,90,11.83,3,5,8,2,10,1
71964.0,1870,81,12.62,1,3,5,6,5,0
39146.0,165,1,12.88,3,8,4,0,4,1
96876.0,1941,79,12.4,1,2,7,7,9,0
34445.0,839,92,12.93,6,9,11,2,8,0
68281.0,1655,31,13.4,1,5,2,9,13,0
37284.0,23,46,12.76,1,6,0,0,3,2
36790.0,66,14,12.84,1,9,2,1,2,0
27943.0,37,89,12.71,3,8,2,0,3,2
22263.0,21,31,11.76,2,6,1,0,3,2
30261.0,22,75,13.27,1,8,0,0,3,3
28587.0,78,42,11.88,3,6,2,0,4,1
43815.0,79,53,12.74,1,6,2,0,3,1
48195.0,265,53,11.94,6,6,4,2,5,2
77027.0,1175,23,11.9,2,4,8,3,6,1
71322.0,1305,57,12.87,2,4,8,5,13,1
32765.0,46,49,11.85,2,5,2,0,4,1
29672.0,25,6,12.81,1,6,0,0,3,2
23272.0,46,29,12.21,1,4,1,0,3,0
49912.0,874,5,13.32,4,8,10,5,7,1
7500.0,100,98,13.42,4,9,2,1,3,1
68117.0,930,80,12.81,2,6,11,8,4,1
67225.0,868,4,12.1,3,5,7,2,11,1
17649.0,45,70,12.13,3,8,3,0,3,1
55914.0,1260,32,12.67,4,7,11,6,8,1
40059.0,414,82,12.26,1,8,6,2,3,1
60905.0,392,27,12.07,2,2,3,3,7,1
75330.0,1109,94,13.24,4,6,10,3,12,2
60689.0,639,23,12.58,4,3,4,4,10,1
38680.0,79,97,12.76,1,7,2,0,3,1
61416.0,1665,25,12.89,1,6,10,3,10,0
49767.0,692,92,12.67,1,4,5,4,8,0
83273.0,1392,98,13.27,10,7,4,6,9,3
29009.0,44,19,12.09,2,6,2,0,3,1
45057.0,50,80,12.08,1,5,2,0,3,1
37150.0,467,80,13.3,8,7,4,3,6,1
43020.0,223,79,12.08,3,6,4,1,4,1
53154.0,158,50,11.56,1,4,3,1,4,1
65308.0,1211,60,12.3,1,4,7,8,12,0
76467.0,1575,44,13.37,2,6,2,5,5,1
81044.0,1208,0,12.01,1,1,5,6,10,0
32871.0,43,28,12.81,1,4,1,0,3,2
55801.0,527,35,12.27,6,7,7,2,6,2
76320.0,932,49,11.53,2,2,6,3,4,1
36927.0,71,46,11.58,2,8,3,0,3,2
48794.0,54,97,11.52,1,4,1,0,3,2
23478.0,129,51,12.79,1,8,3,0,3,0
71128.0,1615,80,13.24,3,7,2,10,12,1
70179.0,1034,10,12.45,3,5,7,3,13,1
59462.0,1088,29,12.99,2,7,9,2,12,1
52247.25135379061,721,52,12.62,7,3,4,10,4,2
38361.0,137,74,12.01,3,7,3,1,3,1
52247.25135379061,47,82,12.59,2,6,3,0,3,1
70038.0,1244,54,12.18,1,2,4,4,8,0
42554.0,41,93,12.97,2,4,2,0,3,2
67445.0,1174,63,13.39,5,6,9,6,12,1
67046.0,993,92,12.98,2,2,4,5,4,1
42192.0,100,40,12.32,1,4,2,1,3,0
77610.0,1680,70,13.17,2,7,4,7,4,1
31761.0,98,96,11.74,2,5,3,0,4,1
34350.0,48,81,12.2,1,7,1,0,3,1
54591.0,519,63,12.41,3,5,6,2,8,1
71866.0,715,85,12.02,1,3,6,3,10,1
25293.0,37,51,12.29,1,8,1,1,2,1
42000.0,653,23,12.97,2,5,5,2,11,0
69520.0,1455,95,12.48,1,5,9,6,5,0
64713.0,602,11,11.9,2,4,5,5,7,1
27889.0,26,42,12.49,1,6,1,1,2,1
22123.0,102,77,11.76,1,5,2,1,3,0
52247.25135379061,97,82,12.83,4,8,2,1,3,2
52247.25135379061,207,83,12.52,2,6,4,1,4,1
27803.0,176,40,13.35,2,8,3,0,4,1
52247.25135379061,450,95,12.2,3,7,6,1,5,1
51651.0,433,32,13.15,4,8,6,2,5,1
68487.0,1366,48,12.96,1,4,9,7,13,0
52247.25135379061,1564,75,12.17,1,1,5,5,11,0
56796.0,1001,24,12.87,3,7,8,9,7,1
87000.0,961,61,13.04,1,2,4,6,7,0
79823.0,1518,6,11.75,1,2,6,9,7,1
30828.0,56,16,12.24,2,3,1,1,4,1
34109.0,22,39,12.15,1,4,0,0,3,1
53367.0,400,2,12.33,7,7,5,1,8,2
22390.0,26,49,12.19,1,7,1,0,2,0
71322.0,350,31,11.67,1,2,4,1,7,1
79244.0,1216,58,13.03,1,1,4,10,7,0
49912.0,874,5,13.32,4,8,10,5,7,1
48699.0,40,90,12.61,1,5,1,0,3,2
80144.0,1367,47,12.25,1,1,3,7,8,0
54252.0,264,25,12.59,5,6,4,1,5,2
81929.0,2053,60,13.25,2,6,4,4,10,1
76068.0,1376,67,13.09,1,6,2,3,4,1
53204.0,45,40,11.78,1,4,1,0,3,2
67911.0,976,63,11.61,3,3,6,7,11,1
14796.0,51,1,13.29,2,9,1,0,3,1
78128.0,1264,89,11.86,2,3,8,4,6,1
14188.0,75,40,12.84,1,6,2,0,4,0
20425.0,57,5,13.17,2,7,2,0,3,1
58646.0,140,3,12.56,1,4,2,1,4,1
72967.0,497,1,13.04,2,5,7,2,8,1
48150.0,266,24,12.56,3,7,5,1,4,1
82332.0,2006,89,13.29,1,2,5,3,12,0
58275.0,615,48,12.58,6,7,8,2,7,2
44953.0,1021,31,13.03,1,6,7,3,13,0
34587.0,22,68,11.63,2,4,1,0,3,2
43018.0,133,46,12.16,1,5,2,2,2,1
45736.0,437,92,12.44,5,7,7,1,6,1
66476.0,1013,80,12.07,2,4,6,8,10,1
27733.0,57,16,12.35,2,7,2,0,3,1
69805.0,1038,50,11.94,2,2,6,8,11,1
72217.0,1573,93,12.73,1,2,3,10,8,0
25818.0,28,51,13.2,1,7,0,1,2,1
37509.0,123,24,13.3,2,7,3,0,4,1
25176.0,13,79,12.39,1,7,1,0,2,2
43586.0,132,26,13.34,3,8,3,0,4,1
53230.0,732,86,13.41,4,5,5,2,12,1
50116.0,66,68,11.53,2,5,1,0,4,2
84906.0,1631,98,12.24,1,2,5,6,12,0
61286.0,608,34,12.41,2,5,7,1,8,1
82333.0,1822,60,12.76,1,2,4,3,10,0
65220.0,1282,3,13.33,4,6,8,4,7,0
33590.0,8,65,12.16,1,7,1,0,2,3
30992.0,43,83,12.69,1,7,1,0,3,1
72309.0,1931,64,12.81,1,3,5,6,8,0
156924.0,8,85,12.34,0,0,0,0,0,0
16005.0,103,69,13.38,3,8,2,1,2,1
65487.0,1169,48,11.97,3,2,3,5,6,0
58692.0,395,21,11.74,1,7,8,2,4,1
40590.0,258,30,12.25,5,6,3,4,3,2
20587.0,25,39,11.64,1,7,1,1,2,1
62637.0,185,76,11.84,1,2,2,2,5,1
29435.0,180,11,13.4,4,9,3,2,2,2
19346.0,22,26,11.92,1,8,1,0,3,1
35788.0,44,34,11.94,2,6,2,0,3,2
36997.0,94,72,12.91,5,5,2,1,4,2
23539.0,81,13,11.84,1,6,2,0,4,0
65333.0,798,58,11.95,7,6,9,4,8,1
78499.0,1334,12,12.1,1,4,11,3,4,0
29732.0,38,23,11.77,1,9,2,0,2,1
41275.0,61,33,11.77,4,5,3,1,3,3
63516.0,300,30,12.49,4,5,4,1,7,2
42769.0,88,15,12.22,2,4,1,1,4,1
49572.0,54,25,12.04,2,7,2,0,3,2
69209.0,1782,4,13.29,2,4,5,3,6,0
17148.0,68,80,11.92,4,8,3,1,3,1
40590.0,258,30,12.25,5,6,3,4,3,2
30560.0,31,6,12.51,1,7,1,0,3,1
32146.0,66,16,11.64,2,6,2,0,4,1
41713.0,174,57,11.67,5,6,3,1,4,2
34176.0,28,9,11.94,1,3,1,0,3,1
58482.0,731,59,11.81,2,6,7,4,9,1
59686.0,274,78,11.93,1,4,4,1,6,1
60896.0,1701,90,13.22,3,6,9,10,4,1
62994.0,312,74,11.83,1,6,6,2,4,1
47320.0,414,10,12.42,6,6,5,1,8,1
74859.0,1565,63,12.58,1,3,6,5,11,0
15253.0,29,13,12.18,2,7,1,0,3,1
31560.0,94,98,12.52,2,8,2,1,3,1
72071.0,1338,4,12.88,3,2,5,4,8,1
91172.0,1092,94,12.76,0,3,4,3,7,0
90000.0,1479,91,12.02,1,1,4,8,5,0
41967.0,54,66,12.1,1,4,1,0,3,2
69263.0,568,14,11.82,1,6,9,1,7,1
65706.0,1199,77,12.51,1,7,11,3,12,0
60934.0,873,41,11.95,2,4,6,4,11,1
71965.0,1213,21,12.42,3,3,6,3,5,1
65210.0,731,25,11.81,2,6,9,3,8,1
79174.0,2043,2,12.97,1,2,5,6,7,0
81380.0,1893,51,13.02,1,2,4,2,10,0
48432.0,424,3,13.2,5,8,7,1,6,1
52914.0,575,32,12.98,2,7,7,3,3,1
38946.0,257,84,12.19,2,5,3,1,6,1
26067.0,56,49,12.16,3,8,3,0,3,1
44325.0,542,69,12.82,4,8,8,2,7,1
42523.0,125,96,11.69,1,2,1,1,4,0
26487.0,69,23,12.62,3,5,2,1,3,1
53233.0,40,18,11.79,1,4,1,0,3,1
67716.0,1016,8,12.97,4,5,7,4,13,1
76234.0,907,21,11.9,1,3,8,3,11,1
84117.0,1566,60,11.64,1,2,7,10,6,0
65487.0,1169,48,11.97,3,2,3,5,6,0
25224.0,46,36,11.79,2,3,1,1,3,1
89616.0,1644,36,12.85,1,2,7,5,12,0
40851.0,59,63,12.86,1,7,1,1,2,2
27469.0,17,2,13.41,1,6,0,0,3,0
82347.0,1853,38,13.15,1,3,7,7,10,0
73803.0,1528,61,13.42,2,6,9,5,6,1
8820.0,35,52,12.78,4,8,3,0,3,2
43322.0,141,25,11.7,1,7,3,0,4,0
55593.0,546,63,12.36,2,6,6,6,3,1
50501.0,500,10,12.54,7,6,5,4,4,2
37085.0,61,65,11.52,4,8,3,0,3,2
16185.0,106,71,12.41,2,8,2,2,2,1
57731.0,704,0,13.1,4,6,8,8,6,1
48432.0,424,3,13.2,5,8,7,1,6,1
73807.0,849,88,12.99,2,2,5,5,11,1
18929.0,85,15,12.87,1,6,1,0,4,0
35893.0,199,80,13.21,6,8,3,1,5,2
61014.0,1147,17,13.39,4,7,9,3,4,1
32144.0,54,76,11.78,4,7,2,1,3,2
14918.0,43,52,13.07,1,6,1,0,3,1
45146.0,53,28,12.46,2,4,1,1,2,2
41769.0,521,31,12.88,6,8,8,1,7,1
88325.0,1623,42,11.9,1,2,6,2,9,0
38054.0,45,24,11.67,2,7,2,0,3,2
80617.0,1435,42,13.22,1,2,4,6,8,0
5305.0,32,12,12.42,0,13,1,0,0,1
36807.0,16,88,13.03,1,6,1,0,2,2
28427.0,52,67,12.78,2,8,2,0,3,1
82032.0,1234,54,11.74,0,1,4,6,7,0
22775.0,15,40,12.53,1,8,1,0,2,1
40101.0,415,73,13.21,4,7,6,1,6,1
58025.0,470,81,12.1,3,4,3,2,10,1
75777.0,1438,12,12.49,1,1,3,6,11,0
7500.0,53,7,12.65,4,7,3,2,2,1
33562.0,51,33,11.52,3,4,2,0,4,3
57642.0,679,24,11.98,3,4,7,6,6,1
58554.0,586,55,13.26,6,7,8,2,6,2
63777.0,653,87,12.77,8,8,11,1,6,2
57967.0,468,39,12.83,5,5,4,2,8,1
52247.25135379061,1679,53,13.39,0,0,0,0,1,0
24434.0,50,9,11.62,2,7,2,1,2,2
11012.0,84,82,12.79,3,9,3,1,2,1
44802.0,1049,71,13.36,2,8,9,4,12,0
26816.0,22,50,13.37,1,4,0,0,3,0
666666.0,62,23,12.58,4,6,3,1,3,1
34421.0,30,81,12.5,1,7,1,0,2,1
61223.0,1341,46,12.55,2,5,9,3,4,1
64014.0,444,56,11.56,7,7,8,2,5,3
56981.0,1241,91,11.93,1,6,2,3,13,0
69245.0,843,8,11.93,2,3,6,5,10,1
52869.0,172,40,13.21,3,7,3,1,4,2
