PC1,PC2,Cluster
1.944642669549873,1.4057245184803504,0
-2.4540647520379038,-0.7414698386220276,3
2.116977536285923,-0.5356389690354372,1
-2.1598780326260667,-0.5861965096035076,3
0.7207235487639152,0.9454114138504252,0
1.5196393916038313,0.6381950502211857,0
1.0767986182688458,1.8657895802014457,0
-1.3929940353177568,0.5766638138220967,2
-2.5171647700019664,-0.29720697710636307,2
-4.44837189541256,-0.6442598994069274,2
-2.6581463190892434,-1.3524851265803268,3
-3.027596264529925,-0.487489496760342,2
2.062518992708476,-1.6622807317412196,1
-0.1959141044717899,1.159563778551297,0
-2.6931191765487585,-0.7630181177702422,2
3.1630885921133682,-0.22231901698518178,1
-2.0365515821947455,1.4535107672561496,2
0.0573846986254174,0.5771422465334999,0
2.390864861388289,1.210846322477261,0
-1.3567277081096345,0.3293758589301367,2
0.09730901011863516,0.18282192051264148,2
-1.022700370799661,0.286720657703802,2
0.7164970070866674,1.2396592097768528,0
1.2641537251293653,0.39140647740957396,0
-0.1328870761055972,2.4210078732261437,0
-1.7974564829122315,-0.1600546153150483,2
-0.6780545547122405,1.7227974789574967,0
0.5631825431955982,-1.7004165836756429,1
-0.759824939694131,-0.5800096326995201,3
3.354587391469043,-1.2308468192495654,1
-2.673596031193689,-1.2861772607591777,2
0.3224507320895355,-1.5166824394176748,1
-0.9520829798519356,0.23065621291187494,2
-0.4427666778039461,2.4257801457990644,0
1.7493331709156366,-0.22889368334269428,1
-2.12784228650541,-0.26025059406554285,3
2.3853364141644264,0.5135444018713905,1
-2.0623314895721756,0.35470619639733064,2
-1.6363699002986472,-1.0043271253983306,3
1.7785736625534974,0.5504427775534575,0
1.991446809877924,0.597355624042566,0
-2.6393149146844865,0.2709666556314919,2
-3.245109234263518,-1.3225563487040208,2
0.2768355763497742,-2.3813513877375825,1
-3.440747573029431,-0.14122971473296117,2
2.3489184088924726,-2.6550647370430163,1
-2.372369711310172,0.7761778178937497,2
-2.350525753820427,-0.41411041999895043,2
-1.6059747064402239,0.9420280025636366,3
1.0912816995353,3.529615022351158,0
1.4855563300246633,-1.4194590290751161,1
3.4067806144381474,-0.0675015680061175,1
-2.002973128648232,0.25281201850685053,2
3.0416420934473414,-2.306610715770367,1
1.0157324631267295,1.836087132982441,0
3.6406359793801046,-1.2273713811666827,1
2.529162759155351,-0.6891394539174907,1
-2.1765306496567205,-2.1088815138003763,3
-1.7773261166328564,-0.2396046703371286,3
0.6607600674839045,0.852165051056007,0
3.017071220284248,-1.7515465211174863,1
1.2568197668381524,1.758569000513818,0
1.370665070562455,1.991633098138214,0
1.4621211005166987,0.12268479429507026,1
1.7042065227884802,-0.9707368891547192,1
-2.6186900582155235,-0.8840058770390739,2
-3.543906141397435,-1.199332577679384,3
2.8511756120734133,-0.01490812108883726,1
1.4322203554919781,-0.3878268801162365,1
0.37705363560165167,2.4722214320034777,0
2.2370122699610917,0.3791607658192655,1
-1.4628613364620924,1.1335610146140074,2
1.898424525650431,2.1302254174150597,0
0.812110074357682,2.6613938001531987,0
-0.7446982152992403,-2.53493074370798,3
-2.804932999890826,-0.8540372354328534,2
2.274283312368489,0.17673674080019755,1
2.8917983964098704,-1.03182895586775,1
-2.612615812466688,-2.704155097965061,2
1.2301513042639876,1.0540921246309418,0
-1.2061783037579048,1.635994841674299,2
-3.246876433532375,-1.063486197794032,2
-2.1947546793593347,0.532287756957195,2
0.3224507320895355,-1.5166824394176748,1
3.221515375413514,-2.185990512350758,1
-2.6697440077511443,0.1580396501963978,3
-1.429949462195533,1.6196380014777065,0
0.030947846134437632,0.7637154275429185,0
2.6149680163979276,-1.7666709935874785,1
0.2173628823711894,-1.7365550233591367,1
0.0036163289931138848,4.247392295604512,0
-3.0432411809243787,-1.2048703366436906,3
1.9584235481631849,-2.248717557190672,1
-2.432154588828874,-1.4274872221737407,3
-1.877279835760008,-0.38323093577756756,3
-2.2995469019201558,-1.3913804343308875,3
0.9662632379493407,2.0965349670168973,0
-2.1002154336321484,0.5198709152937592,3
3.031516790699183,-1.3780469739552772,1
0.9569950250308048,-0.07259039279056866,0
-1.9033110444203258,-0.053579849278381254,3
-2.1356395496506386,-0.7366325803312102,3
2.4829461401187607,1.0498698184549655,0
1.8052666657736423,-0.5689813640831598,1
2.657971793397561,-2.509913083908737,1
-2.6933174737903065,-1.4766853119940497,3
-0.9840942560074043,1.3695787866960356,0
1.2882351557569318,2.3122271135999295,0
-1.1625978479115158,0.5111237141483363,2
2.0603697311947906,-1.0045669333054261,1
2.4497261195187847,-0.4804821306845166,1
1.639258116434664,0.5245709996918471,0
0.773827519812208,0.5612463662193425,0
2.9450158831640443,-0.4104623486426611,1
0.6734826139656171,2.0696582537991772,0
-1.492366505377836,0.1760561563372002,3
2.7567097832199883,-3.082884669788662,1
-0.042378527088523237,2.3591061010698264,0
-2.1330781594230723,-0.08363292474308823,3
-2.64019555945855,-0.5035053497099776,2
1.3346432837259272,1.1532262974467278,0
-1.5995399397544396,-0.4065141943560355,3
-3.4148063034261114,0.007677589275942775,2
-2.5199194598470305,-0.7593992759036141,2
3.5783185741580876,-1.6681983364307968,1
2.151259531365768,-1.1070061433873883,1
2.699251003320007,-1.7162389436364178,1
-1.7598120697987751,-0.3025295874901549,3
0.3891686939538935,0.9868265681501897,0
1.3555359053274743,1.0344551168777483,0
0.803480995396744,1.0712928512191904,0
0.38476331824164506,2.829797012157985,0
1.9147251347922831,-0.9690643729410029,1
1.4780101829905457,-0.19368152307958958,1
-0.7934237252487787,2.0247546481930128,0
2.6341270504179137,-0.684698980473504,1
-3.678465746082423,0.3839383974245828,2
-2.3737879625972407,1.3799721461024173,3
-2.501866303530875,-0.8133348345115509,3
-2.549937808711775,0.32204296233577195,3
3.238020940960225,-0.5761259229072306,1
1.042863301331427,0.24005457982634393,0
3.1316962202938683,-0.9620350088402534,1
1.8209765862449054,1.2043648348818998,0
-0.5299661930050867,0.9366075741889823,0
0.23714158524723722,1.9153170521232827,0
-2.2227500288183695,-0.2691591143116789,2
-2.9140695596971633,-1.0455056819966742,3
-1.5393633516340715,3.4112633445845555,0
-0.2707265275928098,-2.326447167728204,3
0.8702127277303832,-0.67188820489329,1
0.6095886429558489,1.0001719545544532,0
0.08470242111703301,1.827364783729775,0
-1.6771231717178736,0.12141064078278924,3
2.1379189505298286,1.3516918984311599,0
2.322556198230579,-0.13563238068393393,1
-0.08122815434141792,1.0154909207307656,0
-3.066957919160307,-1.0533989205703957,3
-0.165122435891289,-1.8340320449290672,3
2.755121625122953,-1.8596715605249077,1
-3.856708635556083,-0.1193095801815645,3
2.6827349271173606,1.0487447736877238,0
-2.012465218848378,0.6933985052108088,3
2.6990832814764527,-1.0262985590405542,1
0.95234025124248,-0.613427749743865,1
-2.248589627734774,0.9875598871285447,3
1.6409792382278368,-1.295918246673981,1
0.6216350726446299,-1.2274604415174908,1
2.2702516708925464,-2.08643245041619,1
-2.062556408245824,0.14737957177346486,3
-2.9663211172847666,-0.43325875534384317,3
-2.371742545677738,0.020725038688671985,2
-1.2680612849424753,-0.5862807852169637,3
-1.4470409090238106,-0.26288642770637105,3
-0.9321083811790684,-1.6019037281837547,3
2.7387937904106567,1.007690710780582,1
2.750887618469016,-0.07089277838359558,1
-2.520499278656259,-0.2146326463404423,3
-3.2547711479407395,-2.0482168572018584,3
3.031516790699183,-1.3780469739552772,1
-0.3795344112961881,-1.0085884761517843,3
-2.3798475685210105,-0.3514991692597644,3
2.819489101899444,-1.1506868965430166,1
-2.0078094935076725,-1.3791072638265198,3
-2.021213437992667,-1.8976282650376366,3
-2.631635446106293,-0.3402136014163981,2
-2.2391583255193765,-1.052044144847568,3
0.9563147940224372,0.5610345464333061,0
3.0202360867512703,-1.0435399389448863,1
-2.175967439441881,0.6087983311993409,3
-2.2426894335912038,-0.4778424160695709,2
3.1098602070403527,-0.4194037788292152,1
-1.708511142850799,-1.1009353478573625,3
-1.7827807386043457,0.310353992857595,2
-0.23161536073668956,1.9041237460563372,0
-2.9902482362555327,-0.19412290568277998,3
2.455116459321868,-1.2240553060655162,1
2.4968170774035503,-1.4619883842958985,1
2.505214038304282,-0.992582841232085,1
-1.1253305980721597,1.6989264666277886,0
0.8931042930602581,0.36505602239204427,0
2.7518372693647835,-1.9436792765215727,1
2.1086671520898626,1.3360031157712282,0
3.2254866329675975,-0.91622432124098,1
-2.7197172860488203,0.08262491478040115,3
-2.8497375277918535,-1.5957571381446964,2
-2.69190727436633,-0.9486741163456571,3
-0.35500011614781385,2.053802488398104,0
-1.8394068589877923,-1.3812166210552699,3
1.955955226580287,2.8656728700649277,0
-0.12929017259871553,0.9630565571676689,0
2.876761265371433,-2.156283852566335,1
-0.7064162679596898,3.1475455580116467,0
0.10652232372641858,3.4143348838846017,0
2.5858114890398283,-1.6750436737702747,1
-0.09458550719543642,1.6231800176343327,0
-3.4826524425799956,-0.5991336201917964,3
2.9546230785670784,-0.9102894165689833,1
-0.39295562233418124,0.33427177013216425,0
2.242336941897504,1.6034307888143557,0
-0.9422970676456014,-1.9456844099355433,3
2.4188067700032025,-2.106810337085004,1
1.6277047404548377,0.187644267314761,0
-1.0485409862968817,1.5219333447856804,0
2.3111361657992804,2.5682482425304607,0
-0.9389926186769046,1.2175398442603285,0
0.39087909848129665,1.436833919264161,0
0.6405586163874122,1.3062098414233665,0
2.612647040957816,-0.7767375262217656,1
-3.1220231024163447,-1.3687018380957499,3
-0.3246655580833196,2.999212799350325,0
1.1679644969472356,0.5197936423076172,0
-2.8835803044011907,-0.840121945699085,2
-2.6756524412625833,-2.6338478423459564,2
2.295918671037911,1.3883230380134104,0
-2.2077229144116597,-0.4254693492637272,3
-2.9981343975204,-1.2349644644168347,2
1.7573485653236711,-0.5935584853844111,1
-2.899331868392261,0.5361318615696308,2
-2.2283429365020133,-2.1421850783938767,3
2.8369716663792746,-0.8906846085216752,1
1.4159266271833808,0.442418971528345,0
-3.1019865274022247,-0.5772953728108625,2
2.7716897372901195,-1.6605799373493413,1
1.833713599632298,3.1238050001517657,0
-3.169489625661782,-0.7224836075833342,3
1.408736423985578,0.697645065978572,0
1.8772481059701929,1.123566356349893,0
2.4667781136315936,-0.46249877594728817,1
1.853591150830755,2.0946715290538362,0
-2.2894428745933477,-0.107066384069532,2
-2.6964293590447364,-0.752540869023874,3
3.555760965272594,-0.830460051563205,1
-0.5348656635178275,0.2538264356214003,2
1.441565809321009,2.8747784149732745,0
-2.5147564227334187,-0.038815769022333434,2
1.2264095544314046,1.6740033231235072,0
0.5291715271912096,0.9216315001175848,0
-2.70086052690822,0.947040091666564,2
-3.6456780741283814,-0.2872655272450931,3
-3.060160501004221,0.08310438201280597,2
1.4343222558355813,1.8597299838268293,0
-0.17175800601642738,0.269660049855231,0
-2.9037314113772204,-0.42646887745463696,2
-0.6660195211546523,2.5238092010958453,0
-1.705961815037086,1.493223086090351,2
2.825431859741551,-2.4630110999629755,1
-1.4629663534960176,1.7876922984895367,2
2.0782059909434607,-1.910606215168222,1
-2.0499646068515314,-0.4324686840123691,2
1.315408751535197,0.4878263219534005,0
-1.7293698771034938,-0.2550405053829728,3
0.027158025745545367,-0.3221138867229311,3
-2.4862323958364145,0.4842027592411292,3
-2.1328483458795473,1.1470579229095752,2
1.8535696955622083,0.37900293776095034,0
2.171454551276246,0.5619753052910763,1
1.8714667348679783,-2.5452020948303287,1
2.4982515140468258,-1.6775628185661282,1
1.6998004762904044,0.6015134588693148,0
-1.8671241257953821,0.8455797503505186,2
0.39087909848129665,1.436833919264161,0
0.0573846986254174,0.5771422465334999,0
1.195954032264244,-1.2171740226394747,1
-2.2964071374673667,-0.4877402736673956,3
-1.8341155017747421,-0.4975812552812099,2
2.6254907949030226,-0.44937964871368347,1
1.0181441762290795,3.257580020349868,0
2.4703399085215634,-1.5733259785962008,1
0.07316383602024776,0.8398174769814881,0
-2.1290090812036544,-1.4142866895771582,2
-1.2742326447904273,0.22734899023834768,3
2.3771712561517595,-0.6000763413039358,1
-3.0602563235564473,0.8767798489699493,3
-3.411153995381485,-0.8299963005886365,2
1.4697460974074272,1.743800092640539,0
-2.508713099008338,-0.7378462052826347,2
-1.6365785986626298,-0.0009577368943499239,2
1.8423369555535496,-1.7850032120757608,1
1.723515500779516,1.2860602382489503,0
-1.7844968321065524,0.4626030867038981,3
1.3535000834716784,0.24386159365819496,0
-1.0776245594925657,-1.4784339940333258,3
-0.6927662305105473,0.4948368011541795,3
-1.8926808642286297,0.19153623514398074,3
3.0464120452521337,-0.8736149559291692,1
-1.6892381331888453,-0.13088494948073112,2
2.590755908577562,-2.392241285069036,1
1.0519486218901422,0.2787098889329241,0
0.28444672516903324,-0.9680346287315001,1
-2.423697051931277,0.34848249679857063,2
-3.335866650891914,0.6477642974680614,3
2.6454921276890664,-0.5923572141226533,1
2.8361339198662208,-0.4541005194522817,1
-0.40818025338508657,1.1679519396718394,0
-2.667473649843488,-0.3687579331247258,3
-1.999103138687905,0.5630426848817037,3
1.1184836901972743,0.4441665458924576,0
-2.865002834701396,-0.22457077926977995,3
0.04344373044645118,2.447112326206569,0
1.7996578325959893,0.32277650332329466,1
-2.8134510762519205,-1.0011739551598566,2
-3.0865200869129796,-1.0146411098514314,3
1.2721136820191672,2.2650826870251457,0
0.6590756912925413,2.5917640677808302,0
2.042612771566807,-1.0974497624787338,1
-2.7113022195996805,0.5108743193073478,2
-2.743039110752474,-1.1739629773200755,2
-2.4690993551733365,-0.3235187225111294,3
-1.2682761996345033,1.2854257862249676,2
-3.2503627551678735,-0.746145255772393,2
-1.2996089961094008,-1.9366537212410913,2
1.4398263466269834,0.9176894369420573,0
-2.1792947102525697,-0.6487378275823918,2
-2.765828505356007,-0.0026198535025250785,2
1.7972015667335104,0.5997282671309803,0
2.4801626304633686,0.05946691947005102,1
-2.4768862849350564,-0.3540481945748292,2
2.892021020721742,-0.48509492022765377,1
2.5312695457937116,-1.9709370933054682,1
2.655089577743959,-0.28008805985035323,1
-0.7301428127984371,-1.4311462257312224,3
1.0509901985550216,1.6743512645596217,0
1.3509971263501757,-0.13212662983238052,1
-3.2711548001106587,-1.0330561218169556,2
2.190341835588115,-2.4061677736290825,1
-2.526973538736475,-0.006327120142204135,3
2.440008467941281,-2.4371415472798468,1
-2.650098980872306,1.1052132610876304,2
-2.9855134720906684,-1.5194957763844958,3
2.04101471915843,0.8430500747961075,0
2.1353244676700656,0.9575261845820934,0
1.847435511066449,-0.42664985359167384,1
2.709912774478131,-1.325010730098035,1
1.363746405144485,2.2828754079819285,0
-2.4719273344614945,0.09377174014397185,3
-1.3287737060680525,-0.5829275356195662,3
2.456344906255679,-1.4467108991588575,1
1.8074278190953523,-1.3944608429169125,1
0.17060000652785406,0.5122054141469138,0
3.1296606134862555,-0.6466429192175184,1
1.3520168732381004,0.3245364478550821,0
-1.822159858951065,-0.028802602540430742,3
-2.9037314113772204,-0.42646887745463696,2
0.3003787880479692,2.918604836103589,0
1.3532510241714648,1.0192706253922539,0
3.1910105858666067,-1.1011649369605763,1
-2.2206958931830485,0.1113166221633405,2
2.240171789122931,-0.5705107876695441,1
0.6914308173480938,0.8849240834195831,0
-2.515622108058899,-1.6139000919030908,3
-0.7985401370484576,2.716714833711603,0
-2.2738455559966915,-1.554613688474091,3
1.431485159760898,2.018830371088546,0
-2.2457867279310033,1.0764841315938667,3
-1.4970077474030399,1.9713251970235015,0
-2.2717333135242943,-0.9882534551642751,2
-2.65779793335801,-0.48460586350876367,2
1.5255114628100939,0.3035088821110322,0
-2.4811201025198533,-0.8350438003717454,2
-3.3889154008587252,-0.13679764102386635,2
-3.5671593224691915,-1.604702096390462,2
-0.24733292052245714,0.7865502353109741,0
-1.5393633516340715,3.4112633445845555,0
-2.572378404953397,-2.6524003548590915,3
-2.968703316230789,-0.17091989097391522,2
0.2500719444317423,0.9372012272475129,0
2.3616527834171777,1.0488980004549624,0
-1.2550085544164904,-0.12377970781763722,2
1.0380998246230269,1.143176326134088,0
3.225176077400641,-2.8302594218779937,1
0.08523109405926242,-0.45539986269789373,3
2.190487644589435,-1.811320792078217,1
-0.03677782910113741,-0.6226677890754285,2
1.905396308654099,0.1451671552907166,1
2.957611798037665,-1.3655682290820226,1
-1.2079132809484656,2.044015659797389,0
-3.0003605715482324,0.3004152920943819,2
-2.8690346729938123,-0.5633406056893251,2
-2.0613723746559374,1.1481811144781324,2
-2.050759447719154,1.1821055643865634,3
2.468773128730165,0.3131784858794817,1
-1.0988191958094289,1.1723679983571045,3
-0.2908577384131664,-0.2639605627955526,2
-0.10641802397639825,3.1074464228066545,0
-2.523221293628376,-1.207485257211249,3
-2.1210054111023218,1.0393674723709503,2
-0.30868262687703446,0.651523535899008,0
-2.5171647700019664,-0.29720697710636307,2
0.24937987920793586,2.246027636715937,0
-2.2000733260159278,0.6788955331653166,2
1.005018345721174,1.2671180368054185,0
2.6842892401078884,1.7727519515352335,0
0.1848333733478728,1.6586927885892855,0
1.967055891900752,0.43598933388165445,1
2.7643789479844068,-2.2596221014186213,1
-1.9946710413762796,-0.19620284075852612,2
2.1743365355250366,-1.2886755967119352,1
3.2292511337706404,-0.4425716701328367,1
0.6100145469343244,3.5432743688617006,0
-2.2178210577987754,-0.7142549273369724,3
-2.2995469019201558,-1.3913804343308875,3
-3.7363309128774294,-1.5511565592166936,3
2.656257846042682,-1.772913567139012,1
3.205025974386348,-1.8065739166574433,1
-3.4535649146188683,-0.2869781346675802,3
3.7549685127934747,-1.878275658969698,1
1.367367062153426,-0.23434333945211197,1
-3.165468102418663,-1.0901744870658225,2
2.1593857295136134,0.323644206503074,1
2.041719456801028,-0.9944576576235195,1
0.4078651664445318,2.4658686044309457,0
1.5935895769675292,3.6792818971933707,0
2.2767636654781302,-0.12350187491669254,1
-2.186514106506915,-0.9743406965091088,3
-1.92255796290361,-1.1885265847731676,3
1.5026823094836415,0.7071745865992501,0
0.23062703010215121,0.9007336608792358,0
-1.407442881270794,0.3536585916866864,3
-3.561465742182776,0.3637369336691294,2
-2.7583303279589426,-0.8107773568499469,2
-0.40728185071684975,-0.6797754306394459,3
-3.2560091973280336,-2.2548489109754635,2
-2.65779793335801,-0.48460586350876367,2
-2.7638270601000876,-1.7336746890634083,2
-3.007579394355708,-1.4149499954752602,2
-1.0566088814516927,0.4342989285965975,3
2.7377596877162733,-2.015831388106069,1
-2.586830878582281,0.03958242581760624,2
0.9096048442527429,-0.4814146025466728,1
2.0153270885331898,1.137628206794941,0
1.7524872591703042,1.657445461500407,0
-1.7174032264328654,-1.0701088062011417,3
0.8256058358156547,0.14746398534523666,0
1.9629013694793318,2.0859559069927185,0
-0.9009215182245085,3.648301031299457,0
3.089082545337279,0.10058490272458688,1
-0.3594955666695891,1.1904909736436595,0
0.32194911459401127,-1.315539267924406,3
2.3594575524863495,-0.40496953124519747,1
0.4182556104264515,0.6522552342437232,0
2.886551969795873,-1.9035408955945925,1
-0.9650517846157181,-0.3886164009571041,3
2.825431859741551,-2.4630110999629755,1
-1.689738496498157,-0.15910602665017776,3
2.6436903157244593,-2.383010956035335,1
2.464103370590118,-1.1353710708432265,1
-3.12611810047892,-0.5212522403732069,2
0.5503517481751572,1.2210612267830365,0
1.500874157900563,2.070093585660516,0
2.6021372954779336,1.4539693980272665,0
-3.0357296271354612,-1.162670832627993,3
1.820268504014074,2.886230466005915,0
-2.6705164705575886,0.4679709303405625,2
-2.8000398047583532,-1.8538637196048355,3
1.8417685950130451,1.7595306371313073,0
-2.377226871764302,-1.1565809763199606,3
0.7855425688026129,-0.5353493896593128,1
1.0126402353332946,1.683605541956701,0
0.17039499114844975,2.643730966323312,0
-1.857470328649529,-1.0185338744798693,3
-1.9816980480697604,-0.8478046548336468,3
-0.8813017086524065,1.31628783273148,2
-0.07403386662629313,0.6355757366115008,0
2.200834431504408,-0.5730040512469495,1
3.1641489091286488,-0.2576524630039597,1
1.042863301331427,0.24005457982634393,0
1.3312070979313604,0.8967172845406034,0
-3.491144782604899,-1.3217169833685758,2
-0.6477081802865716,-0.015490335547500777,2
1.8548373333604746,0.8832604541940463,0
-0.11749478942241237,1.2119276695181083,0
2.3525838648465873,-0.21403124318854014,1
0.1792668708499954,1.2757491202771558,0
1.5083307921142401,-0.26900063712899797,1
1.4465595851215025,1.1059357210657645,0
-1.4295491676935004,-1.8883236662218923,3
1.5716362487025428,0.0661787346606869,1
2.328625961651596,0.08672768022470208,1
2.4014491539679255,-1.0664816446252874,1
-2.746347772268497,0.8541823219573734,2
-2.1257620174754996,-1.5121415465970958,3
-0.9404856934008801,-0.2083383412946959,2
1.5160703160819133,1.499287393977229,0
-1.92255796290361,-1.1885265847731676,3
2.394773278563018,1.1015981716123557,0
2.214887815601388,-0.6704477846418496,1
3.0982408050819767,-1.7622364767781549,1
-0.9056573676391741,-0.9484618936172899,2
1.3851006278550853,2.063730319031141,0
-0.6803435623870644,0.8259690435819785,0
2.1528298028924775,-0.07006944951462489,1
-0.16164490784406105,1.3894081518783115,0
3.097385313297723,-2.029786812156249,1
0.06394588304110875,1.6051507010751522,0
3.121304072663193,-0.9496302704608546,1
-1.6858849546541013,1.708552500820263,2
-2.6877110890964446,-0.883117202335028,2
2.194582404536244,-1.4620091010460081,1
2.5985497842350886,-1.1881174901525349,1
-2.6530833557048554,0.016177875162410784,3
1.4410301327348145,-1.4039997511686706,1
0.4560068647585889,-0.7507403391877145,1
1.747642632463007,-0.21036139847898053,1
-1.241699417925695,0.8504966799506893,2
-2.5252626007860113,-0.3972975730275426,2
2.6828854931304735,-1.525779568262458,1
1.266148468391932,-1.767293910188269,1
1.5351072533093357,0.2648180634078363,1
-0.1474364680257126,1.8629788504771518,0
0.8158458581674546,1.30256862484336,0
2.1833055814056204,-1.427509174073314,1
0.2620543055922632,2.05520207794703,0
0.002857720191514044,0.4807770842601631,0
-2.2778553464778355,-0.20316852119578332,2
-0.0880579488701347,1.5169438245358637,0
-1.2215461660372482,-1.269154161547603,3
1.6981971110814476,-1.0504689926445394,1
0.34516809527467474,-0.825591120508376,1
-2.2756236199797617,0.19414326910432453,3
-2.3724791407369317,0.35023048657110345,2
-0.5852993096191806,0.991003185821529,0
0.1008919034695281,0.6823907761207841,0
2.6854718244486895,-0.8373761723163091,1
1.5810812632328402,0.05124170347841165,1
-2.1848685688295504,-0.759706053861954,3
2.3534988060685507,-2.2964429631168652,1
-1.1490034782427028,-0.7485393611819623,3
-2.7444609197433976,0.9684406005003787,3
-3.2175187665750613,-0.566288678671036,3
-1.8445602364361355,-1.0110548096535337,3
-2.1623152125982465,-0.45955066283182555,3
0.9136703171390821,0.30094944211892827,0
-1.3268480206592506,-0.6219374790573111,2
3.2142452179018473,-1.9737852156831004,1
-0.8494799592767197,2.7236237046945577,0
1.3921024639125985,0.8977064625051258,0
2.780994560948662,-1.0206386393757192,1
-2.080718984158088,-0.8255205624428467,2
1.8384154145283538,0.10898462542121412,1
-1.7029516267986546,-0.9806163153715471,3
2.9044401518512553,-1.9661972716931675,1
2.14379695590771,0.6690958924358308,0
1.7487269960351854,1.0501514966307166,0
0.48753792535601653,-0.12902542264158412,0
0.05640603013225233,-0.765975703520525,3
0.9985184507978686,1.8898853470226569,0
-3.3642674233392142,-0.9767101368777097,3
-2.5758213557676917,-1.2061325964547873,3
-3.2030331112251025,-0.20754971220694005,2
-0.07024610669336172,1.9184653427886118,0
-2.8150607497095974,-0.281187800958683,3
-1.113539823805947,0.6805288156795716,3
0.24542209852895933,-0.328626491643916,0
-2.1620843074155687,-0.14877178942170222,3
1.6411329568321715,1.2837943055589434,0
-1.1828739996007123,0.6544002827429278,3
-3.270561458673172,1.3135675062362466,2
-1.7691309990504773,0.030344076760535212,3
-0.5915699981658354,2.0167806660946366,0
-0.6868511430133802,2.0657223850727604,0
-0.1328870761055972,2.4210078732261437,0
-2.5952863969274844,-0.5198912676065676,3
-1.278074609975366,-0.8747694645419273,2
-2.0200865446952436,-0.7399582604702706,3
-1.881042740132482,0.15364917531705938,3
2.6947847214055383,-0.4227307680283226,1
1.8246701925995752,-0.37706251965834564,1
0.3809296702747434,0.623425159945329,0
-1.6397035935812123,-1.870482184824736,2
-1.7283896147926132,0.3473677803441188,2
3.0565210209045715,-1.789880804964545,1
2.8685534372836217,-1.9816841850530869,1
-2.2031936648997745,-1.7689842834946885,3
1.8547179387400612,-2.0745695874750325,1
-2.390024723073899,0.29101830966710374,2
-2.3063680868730905,-0.12340936715501155,2
-2.8765309093733564,-0.030047101612281833,3
-1.8839647529065637,0.24481596717888673,2
-1.7806092080964706,1.2619051646230683,2
-2.5547204424285153,-0.6747765773412627,2
1.679502535995362,1.5525815436091566,0
2.568377293438835,-1.9239481601274406,1
0.889637303028716,1.777385971230686,0
-1.3511180196612784,1.6213024238212712,0
-1.6998728800633456,1.6325035373278414,2
-1.6363699002986472,-1.0043271253983306,3
-3.4572370059411357,0.2709249552666371,3
-2.5171333333510293,0.08202619500690753,2
2.3110307994434467,-1.3998296688059264,1
-0.39256152978264836,-0.30621679893321035,2
0.5582387621511754,-1.3173789833205283,1
-3.0322174933233823,-0.40721517838622884,2
-3.335866650891914,0.6477642974680614,3
1.9601103027587892,1.0632046904476964,0
-0.204137884268144,2.090359016930948,0
-3.2389357756431116,0.8309970720205626,3
-1.3980729162453647,-3.1261760698407834,3
-2.098048865079105,-0.7162021283326542,3
0.12335475338717865,0.6106048333040054,0
0.42349657407992386,0.9843276616220622,0
-1.5512289319057817,-1.1371535457434754,2
2.1462923620104064,-2.241708054032555,1
-2.5224949546229216,-1.2710659416747838,3
2.440784074362532,-0.8150904816493788,1
-2.9209010406052136,0.119117728733256,2
2.244338985826858,-0.13375617398035305,1
2.120535963081704,3.001378992518119,0
-2.2054588064874023,1.7997003979894701,2
-1.1322393733206009,1.3857473493537125,2
1.8491074851646419,0.968642017557712,0
2.035785635907468,-2.546632935708734,1
1.7487269960351854,1.0501514966307166,0
-1.3598551368409197,-1.5065655744361333,3
2.7600873748866825,-0.6926188367304418,1
-3.511513316014981,-0.5942527895071094,3
3.2525028088086008,-0.023387549561751805,1
0.7693750948201571,-0.12633763026236014,0
1.7811667729284235,2.5427713548720887,0
1.9026983959302084,-0.29922565863647776,1
2.3616527834171777,1.0488980004549624,0
2.653271418977934,-1.7981891141092807,1
1.5636642354061585,1.9485567457313224,0
0.482317628503001,0.4040019373689789,0
2.1250806163276463,-1.1035853235348985,1
-0.7248552255806714,1.9263161452021325,0
3.742660826135943,-1.0627497173426448,1
0.032373752705284635,-0.9827493093209864,3
2.4114391761480163,0.3920904750278698,1
0.9081848280792547,0.438732733549867,0
3.2823831719361016,-2.9793682263296435,1
-2.6716038909922304,0.4296045951154528,2
2.3521492540101665,2.6279420905110067,0
-0.8316664504100822,-2.2864057335225194,3
0.07171770415340349,1.4800136443906868,0
-1.4131756820302823,-4.718185702631353,3
-0.5204649317856722,-0.24323998567526414,3
-0.5348656635178275,0.2538264356214003,2
2.347842811129185,0.10701670242789868,1
-1.3082574834438268,1.548303686771119,3
1.1343730467970943,1.9035873096875728,0
-3.5671593224691915,-1.604702096390462,2
2.046371656526166,-0.2809304883776444,1
-1.9538763850506076,-0.4322390704370363,2
-2.8439495797416483,-1.1641329080935132,2
-2.4171340753476773,-0.924732028815948,2
-2.718587442253283,-0.992639863242771,2
-2.4838183111123677,-0.3598989660102727,2
-2.734544886748006,-0.7103706160505715,2
-0.37485589294242627,0.2639410290151311,3
2.1193502409920044,1.1148172470189657,0
0.5623383894711294,1.830500600088612,0
1.3742544778095476,1.1480016113851943,0
1.7029500957084358,0.0709409030106533,1
0.6914308173480938,0.8849240834195831,0
-3.7764144382082434,-1.0801376636107227,3
1.683386622785993,1.601377663627302,0
2.0600271844782845,-2.309185045104265,1
-1.2505375943374948,1.2266244380314761,2
2.1680201939053716,-1.7052106691496698,1
1.5245168843540247,0.5659339781659515,0
2.9651848790661783,0.9590587911950967,1
0.35599635550838166,-0.09058437758285907,0
-0.34373075247530027,-0.10460913298631377,3
2.300520695957315,-2.348423859640442,1
1.5414876029952995,0.6113653153801843,0
3.254378981674838,-0.5108450935517157,1
1.4169610873975529,-0.07782737378175857,1
2.9379708779603986,-2.309711848465216,1
1.921441629771005,-1.6416709869485877,1
0.8842724543889275,2.1294981668407513,0
1.6167271630056899,-1.436146156391961,1
-0.19839140362004712,-0.4193844491389545,3
-2.994740765244369,-1.7503899874347764,2
-1.645156981482366,0.8067408449611517,3
-0.6728608736114383,-0.7283444048192788,3
-2.5290628296741167,-2.149132240926612,3
-2.7847727856836784,1.0517304122835518,2
1.3150346603850398,0.10595114489389824,0
2.898198207025076,-0.794543203772227,1
1.5048916734655025,0.7713908741295638,0
1.1195680685133405,0.5422170538625325,0
1.3230988397352232,0.9435742451901488,0
2.5872077494899424,-2.41584506438602,1
-0.7955425489380675,0.41970294009539055,3
2.1353244676700656,0.9575261845820934,0
-1.397583477466161,-2.5002648615260834,3
0.7658441410669633,1.3147221329974412,0
0.49715635016354015,0.3880415085173791,0
-2.1792947102525697,-0.6487378275823918,2
-3.3208027930468744,-0.9604485548995164,2
1.824847164106759,1.8967737668853495,0
-1.4728084418354035,0.0715919723486882,2
1.7034354636210016,0.27397728519892317,1
-0.3548202833481249,0.7668555426443043,0
2.0180097936940684,-1.5312312860658177,1
2.5493168471288477,-0.6921782601162777,1
-2.41000853133585,0.1593159246643312,2
1.9735982575099424,2.4554512091033076,0
-3.1155723627309437,-1.0948255073208155,3
1.4091097399555021,0.5518605274279992,0
1.5038760031520164,0.3001354580749045,0
-3.3579890904088203,-1.0267692074707744,3
2.1500403214041333,-0.7313418408770571,1
-2.9974801934431192,2.012042058598042,2
-1.8394068589877923,-1.3812166210552699,3
3.09998790372551,-1.2384333380434442,1
3.0060684646232763,-2.136800327286853,1
-0.21306037013727255,2.809526915580783,0
2.8345598053329177,-0.16211076544935457,1
-3.386606962394446,-1.4057676266753545,3
0.19054237958934556,3.5201415879421223,0
1.0157324631267295,1.836087132982441,0
-1.1275645273773396,2.4594889869594843,0
0.7563329544029856,0.9279222411289074,0
3.114024367400944,-1.6955570342635897,1
1.6161264744873942,0.6489045033802744,0
0.9019083321457194,-1.594350560931518,1
-3.517602191867391,-0.8288574049276048,2
1.8229897725143138,1.0725681012047283,0
2.2442557659867144,1.5568056252451783,0
-2.186936856306244,0.9344786120083226,2
-1.9743706944055956,0.672826915000827,3
-1.3898193307464264,0.014754210624395601,3
2.3943989577960094,-1.292699647329797,1
3.104528425214675,-1.4933004845265108,1
-2.53627103339642,-0.23246838420988372,2
2.998253557278504,-2.2055748838831395,1
-2.884360496984966,-1.1736121536462336,2
2.4684767179500464,-0.4038164466590201,1
2.8158051572799003,-1.4752945131179451,1
0.9628741763084389,-0.2977254112593025,1
2.046371656526166,-0.2809304883776444,1
2.59588027826642,0.45629333288643015,1
2.530779006977356,-1.2510938558543656,1
2.4509075622865817,-0.14857010885940572,1
1.476101309997789,2.288798487914394,0
0.8809583303541648,1.427799965664186,0
-1.154912272726844,-0.32836221449499914,2
-1.1712765387253126,-1.2392839811084155,3
-1.935767361016667,-0.1083975526622371,3
0.7207287361473357,0.765444925357335,0
2.6412839323902193,-0.9777132496294016,1
-1.9270252466731028,-0.5808688236667755,2
2.2840416553100353,-2.699559899463081,1
-0.32340990460271335,0.6644183146300456,0
2.534558372051862,-0.8973330129083918,1
2.8150208078052303,0.7220106264369617,1
-0.6082624100303378,-1.0273650784482289,3
0.569574892935311,1.3854133595691032,0
1.9872094130462772,-0.12672914134085675,1
2.5275951809720354,-0.9956348397607833,1
0.30345396154248344,3.093123845461972,0
-2.209366103626412,0.9990583366639039,2
-4.065182718579326,-1.5439665561725735,2
-3.1538060415649425,-0.3503229750554503,3
-1.3895759378548058,-0.28003439491344967,3
2.2433907035566465,-2.5032673647367107,1
-2.0703419069296443,-0.8710145344477428,3
2.2916167589787433,-0.2667425255732697,1
2.750456750535636,-2.122086706432297,1
-2.659887728029715,-0.9045350471204291,3
-2.9901234995105597,-1.5732627995753679,3
-3.0650021840303916,-1.5334011594177548,3
-2.645230568161314,-0.7822793566545753,2
-2.540074847184505,0.36263882760307675,2
-2.836209553304587,1.1754432296495787,3
0.7895575332442452,2.1994281648182787,0
0.36519754434011253,1.4225436443660306,0
-0.1854899849926453,2.217007847448821,0
1.909649334243057,-1.2336629669976904,1
2.3776693726369134,-0.8123485935070129,1
-2.4257595400877836,-1.1314208380397701,2
-0.1134868422422685,0.8153888996858564,0
-0.5700089453071137,-0.6454492399663129,3
0.3228777332368544,-0.18730427385124584,0
1.4499992889863689,0.7123784618881336,0
1.6606132991002323,2.1790819202585787,0
2.9437432421874243,-0.45353988230929104,1
-2.43602297014103,0.44276030946447986,2
1.3306422258623487,0.5968315539374963,0
-2.3322553254878575,-0.5254093562956009,3
-1.4389006213955355,1.1258651347651691,2
3.3524711538753134,-1.2197203151889728,1
1.6990790355806367,0.7040394271432961,0
-0.005880363839659222,2.2607052466542976,0
-0.94246335795305,-2.3101855309327974,3
0.8172887091483866,0.1918415841053147,0
0.2744855052349812,2.6496848884015116,0
2.3670805488231954,-0.0183762773356857,1
-1.98655878756523,-1.7587132143711506,2
-2.674375563703974,0.13838003807078136,2
2.013881633666263,-1.9303809858889864,1
1.7488639666676087,1.784414332783274,0
3.4590609249738407,-2.640680405298447,1
1.3810029268459574,-0.5730128155119717,1
-3.331691794735383,-1.1268767392985208,3
0.06042394775219862,1.5376065410396362,0
1.5273269849953937,-0.21352012263147882,1
-2.4969355738977357,-0.09475423125644392,2
2.46433967809849,-0.7787415014735489,1
-2.5408058150291195,-0.14656354782715603,2
1.448009251957399,-1.0846682238163643,1
-1.3268480206592506,-0.6219374790573111,2
1.8384154145283538,0.10898462542121412,1
1.9323848598068405,0.9778909976989688,0
0.9457176344494899,1.7427793540630951,0
-3.1624485498610504,1.0366185360145301,3
2.11206570417167,0.048496229459116,1
-3.2479278161786596,-1.5143276191732882,2
-1.8698528629053104,-0.6979559620445283,3
1.4896408011477147,0.2550847935782722,1
0.8093248768368263,1.5914439366010977,0
-2.4851958886554586,-0.2820613555795312,2
-2.859989814810265,0.5035826772580384,2
2.3638465015606767,1.41361854620764,0
0.033436467518729626,0.812479228112261,0
3.3328509888087225,-0.04355538007880293,1
-2.1150009982032145,-1.0576402241092389,3
1.2548970617634374,0.08066807529863176,0
-1.8663876931385581,0.4582426582059421,3
-0.005572808671233077,0.8938204311384792,0
-1.6771231717178736,0.12141064078278924,3
-2.3656575746706814,1.6124260979541216,2
2.6277743080108165,-1.935088716008761,1
2.7715231841705865,-1.5330503567085814,1
2.1561818781783284,-0.09038932432078399,1
1.6008929963741085,1.4244774929261579,0
-0.3607808668124841,-0.18625327149393844,3
-2.444947664296112,1.155203641839699,2
0.018887599951006872,0.39104628034557687,0
1.2641537251293653,0.39140647740957396,0
3.2029705799451227,-0.19162784058010926,1
-2.7298435196134427,-0.8422206528645427,3
0.17464646717672866,0.8548554394097706,0
1.6704134387356355,2.7278355421037968,0
-2.451080205548484,-1.4041087016519487,3
1.0205574522932495,1.782517530729097,0
-2.7830469545285434,0.7214899634802496,2
3.241392180246945,-0.9464153798821525,1
-2.7046060176501654,-0.36583345175219284,3
-0.8450818518795771,1.922036714383804,0
-3.970814054681054,-1.6120308125403153,2
-0.2842417603144535,2.1699564217576084,0
-0.19008272008837696,0.33479912971550646,0
0.8262695255366702,0.5514048974324267,0
0.35566299095711046,0.9727764948775636,0
-3.8891880420699603,-0.6974934192890215,3
0.8231966357614029,0.1209583109419584,0
-2.1236025695452176,0.4173512259927815,2
2.0948827834128783,-1.185169312115607,1
1.2866925101455249,-0.37290824669289435,1
-2.389118104014521,-0.025256561370342438,3
-1.2913129057116002,0.888379251311112,3
2.170600447520396,-0.5327380153293957,1
2.529783211409604,-1.4788754367547607,1
0.26827211094598363,2.394616601718052,0
-1.3907797008440028,0.5750438943636256,2
3.6306962969774186,-1.9022402518863326,1
-2.0402211461473496,1.4312363654132705,2
-2.141168949720805,0.13953943527722487,3
-2.090813895364732,0.4902070860174159,2
-3.27811325901717,-1.238965985033429,3
-2.152739241696424,-0.40154300216592187,3
3.254378981674838,-0.5108450935517157,1
2.8658174340159013,-1.6723437248783133,1
-1.1069682282077964,2.922232304973076,0
-2.36927623534329,0.06481184197436726,3
0.14589623122156525,3.186387161529672,0
1.84760391887036,-0.6674253624596694,1
-2.2055155760157623,0.42961011387621206,2
0.01975640353844439,2.4878744453372907,0
3.1480473351068814,-2.086138660670874,1
-3.3262806453303835,-1.6262616278203403,3
1.7785736625534974,0.5504427775534575,0
1.7113718490986245,1.2393832166334904,0
1.404506870038876,-0.17414942539063233,1
2.3693847725299984,0.3693716363473075,1
0.2282175629265885,0.7991215878268679,0
-2.234789541443451,0.8536547186636216,2
2.468192890741027,-0.9949059388298571,1
-0.3997224974891837,0.16296823981512767,0
2.0778406772132567,-1.3835874482574686,1
1.109006696781732,-1.6093471559759902,1
-0.5255790267842728,2.2753849608881667,0
2.8040550107056887,-2.261921762247337,1
2.761600241345244,-2.229043321791772,1
-2.648954219084225,-1.3327947161592881,3
-1.6385526228285314,-1.2425237345746996,3
-0.03325770048651421,-1.8130015793427183,3
3.070880210803455,-1.7689983699355964,1
2.323673482835453,-1.7579544522775798,1
1.7450743805345017,2.7699567727954473,0
-1.016349339037702,0.20880777703607117,2
2.6585924880319176,-0.34836443488120367,1
2.0996171564787747,-1.800869505699688,1
2.0424850237352055,-1.7896413120796792,1
2.6854718244486895,-0.8373761723163091,1
0.4171345007727231,-0.5065110045645385,1
3.009804741684982,-0.6385396493847052,1
-2.6062692183474456,-0.974430111491695,3
2.565905381894722,-1.8927803663500844,1
-1.5151952261181072,-0.3718094554717577,2
-1.9026559193159944,-0.41247821316998357,3
2.463372699482857,-0.08542961259599773,1
-0.04862577124082345,1.3836172678246441,0
2.5647938405268373,-1.6563706496017732,1
2.68723041969309,-1.5315494629984892,1
2.190487644589435,-1.811320792078217,1
2.0411815935064523,-0.6638355028621574,1
2.652790282677637,-1.5918692691366203,1
-0.8873986943712324,-1.8320452743258477,3
1.6994502713222033,1.8525587991478265,0
-2.8233835969078616,-0.4347755190975756,2
2.2840416553100353,-2.699559899463081,1
-2.2209311058850307,-0.4159220906356226,3
1.711945505306702,-0.7528793614289934,1
2.240394110824546,1.9197032451542262,0
1.8130822276384293,1.128475172416953,0
1.6082780043138802,0.8320897944003147,0
0.6483010971124088,2.6462335285564285,0
1.3589428559070595,0.6103440542318239,0
2.097723296109787,-1.8340355987226367,1
2.9314291075841132,-1.9253798529902586,1
-2.0391573348134835,0.24283512272092247,2
1.6185230972262106,0.36047471353515825,1
1.4706413084544765,-0.031390721438056886,1
0.3423517479750963,0.1267100137653395,0
-1.757139657545449,-1.3783203289199653,3
0.8921927241899844,1.1617869244690853,0
-2.151597452668657,-1.6715741907573285,3
-1.5635922884492293,-0.06674856466256937,3
-1.0958497216492893,1.5442490337235943,0
-1.766716434474292,0.2444225910324261,3
-2.319335311107409,-1.1701619147569107,3
-2.8146088467246746,1.9666064884911116,2
0.7418926089358467,1.176354343892974,0
1.39258465402023,1.790584385418335,0
-1.570357363691508,-0.4040341802854652,3
0.2736672422587143,1.2655444174977688,0
2.6721879887653635,0.3984763768059634,1
1.0472423800192916,0.38576354284223663,0
-1.8508586148031483,0.08980624490450335,2
-0.9505849407700926,0.709045278645779,3
-0.6402177696246778,1.1899719424755741,0
1.3293697003766063,0.6498955134892583,0
3.245187479621309,-1.1192175360271672,1
-1.6073163320511086,1.050176797459737,2
-2.958394116952544,-0.7781667834999124,2
0.5891342880183245,2.90347032118357,0
2.736290792559851,-2.1902688014490757,1
-2.1989625398031634,2.11995406307085,3
-2.334366367416465,1.1262241861019548,2
0.707766982125308,0.6962256792425152,0
3.1862642620366306,-0.6487994127464392,1
3.0086034602886764,-2.3257234312976562,1
2.9757647256766897,-1.2395339456372712,1
-0.21306037013727255,2.809526915580783,0
-1.8571569527042673,0.07656663840936731,3
1.5819620109725845,1.9602826926681427,0
-2.715008761928474,-1.4507364187968723,3
-4.59664073014047,-3.2981659219326107,2
-2.1612134810618375,-0.6917778897800098,2
2.1086671520898626,1.3360031157712282,0
2.6633067398811905,-1.036029742756914,1
0.9376844166119248,0.03543496855519942,0
2.767754974061706,-1.4595112826369214,1
2.8852949682636555,-0.3233703747078806,1
3.269156388317199,-1.051041789082532,1
-2.4463244488896865,-0.602919020984804,3
2.6806855298997196,-2.4366048552259567,1
-3.3607749843910386,-1.0014187793237181,2
0.293689455941712,2.7472371833764577,0
1.6710437723500922,0.6720550854868862,0
-1.0566237386246566,-1.0940663541261775,3
-2.5290628296741167,-2.149132240926612,3
2.413691793536918,-0.29549572042042466,1
-2.062556408245824,0.14737957177346486,3
1.5351900883890206,1.1476346843436216,0
0.1727796220461463,0.4296252864261043,0
1.5571148675847877,0.8555686091696622,0
2.3122483582293065,-2.030179644172938,1
0.49166710003549946,2.563458787638176,0
-2.5526406406816644,0.28626883267880887,2
-0.4493469039833293,1.6688747745510972,0
0.4539572402138712,1.3193478250605357,0
2.182194537598764,0.7288323710907761,0
3.104528425214675,-1.4933004845265108,1
-2.7444609197433976,0.9684406005003787,3
-3.174175098504021,-0.6077255396375619,3
2.0780596206730593,0.9591884672072678,0
-0.5053621174661669,-2.0255845715697833,3
-0.8421215692636305,2.3807960631308784,0
-1.7880917551475504,0.23631582398651976,2
-2.1906311894163526,-0.029824365040926757,3
1.3174004654893767,-1.6451127291130236,1
2.4241714429173618,-1.3409217181169035,1
0.6911725827998578,-1.7104914255041743,1
-2.592672112200908,-0.49751368003495966,2
-1.3461890660518776,-0.7154984226133292,2
-1.5622659564619308,-0.13697402589678578,3
-2.3161144860295226,-0.49635428142851235,2
0.4859519371186552,3.6131345546672513,0
-1.8289671852622644,-1.7934200007529695,3
-2.58856415318083,0.4632633926569922,2
1.481517721969215,0.860488594685575,0
-1.7636832224860135,-0.7239650615873431,2
-2.6925159356058606,0.4450950851534082,2
-2.432916130942104,-1.498318375607309,2
2.3371668186334524,2.487663655956907,0
2.5908201486569564,-0.7325494357433574,1
2.7632532177258944,-0.4078292627825153,1
2.08885385729626,-2.0171360269736147,1
-2.493551542276654,-0.4472224450676908,2
2.6149680163979276,-1.7666709935874785,1
-0.2779616518020165,0.8119860087572282,2
-1.8027839201572384,0.40736608607972236,3
-1.9446656594733727,0.6829955383759582,3
-1.8599413664956486,-1.575121169822289,3
1.0772996716847214,1.349908430335131,0
1.4360943382457414,-0.5037749074886702,1
-2.4269768821773647,1.3478614164727096,2
-3.382369024603165,1.321866175933493,2
1.8774773458896632,-2.0414433460060737,1
-2.3033982102877344,-1.1950165626298113,2
-1.332439644910074,0.8863255791456928,2
-1.4072574346258706,-1.0998819824576787,3
2.713640000130332,-0.34273748723671227,1
-0.26234590507152494,2.408986079223847,0
1.0968677844123653,1.8070130012778867,0
2.4241714429173618,-1.3409217181169035,1
-3.7227477480917712,-1.1171069745074376,3
2.806837214064765,0.03377212959244415,1
-2.5052551711431015,0.21156501879826026,2
-2.6788387852853326,-0.7401082219274793,2
2.6328832340817163,-0.8328982042904708,1
-0.405577928155455,2.0107564677890006,0
0.23223913292827983,-0.5504366683501936,0
2.7209729550604935,-0.36709560731332225,1
2.3206171665831654,-1.8801721601112071,1
0.816625316823062,3.419616532209517,0
1.8368942568341746,1.2330796781810291,0
1.3481366068666987,0.3778673635866272,0
-2.501866303530875,-0.8133348345115509,3
1.600988794772074,-1.40891684182094,1
-3.024054280450144,1.0760911575441132,2
3.2090409918317158,-2.2298384580105965,1
2.2301364054059545,3.05984470930506,0
-2.989365982508571,-0.7727500580699065,2
2.6845616007371227,-1.7511209310498135,1
-2.2209311058850307,-0.4159220906356226,3
2.1398772783524143,1.6610235075671547,0
1.420118792251956,1.7708136003957669,0
-1.9446246448121052,-0.8189983596943703,3
0.5988618513119578,-0.4653237172385218,1
3.3252771495476097,-1.6160600306541082,1
3.2769993220462252,-0.8945748753007786,1
-3.255018332296748,-0.038669607353684056,3
0.3145836652946433,-0.08837059999866845,0
-2.7792940833199675,-0.9244228393903828,2
1.684927992184034,-1.8882708005368407,1
-0.26655272597894336,2.49081348887082,0
2.1463279210873583,-0.47580804317935144,1
-2.760890280831719,-1.9571604863112328,3
2.628887985286105,-0.6467439725609303,1
1.3473233769376667,2.194652979458169,0
-3.1269410146264796,-0.6051666495705362,3
2.1788090434266953,-0.9763268261119108,1
-2.679498526103015,-1.738101642866435,3
2.1851776858929086,-1.8944743867943077,1
2.8794593465610223,-1.683044723316292,1
-1.060534574839543,-0.7705957078403153,3
2.194582404536244,-1.4620091010460081,1
-2.2457867279310033,1.0764841315938667,3
-0.8754280408555783,-0.2677102508345762,3
0.9426083321350772,-0.46079225565617754,1
1.7141388812896057,-1.957004191228554,1
2.3763912520604076,-1.4066617975750875,1
-3.2436672149087835,-0.9494053392718029,2
1.9330714660915884,0.9234062660507706,0
2.9680610865387007,-2.7950100182990054,1
0.3141705864441887,0.33546511974189236,0
0.034630919966243165,2.0140296848959203,0
0.0584289343934362,0.002357467457364881,0
-2.3596814642117985,-1.0161198566817868,3
2.7690365536975925,-1.4405369043102383,1
-1.6715905732800158,-1.6075177025833887,3
-2.080718984158088,-0.8255205624428467,2
1.1782101119125348,0.16383687440701866,0
0.07598818030613326,1.257313390404595,0
2.3548032462194173,-1.6913986306817748,1
1.7155700891005035,-0.18602755246483402,1
-2.820183470908492,-1.279632237592517,3
3.2823831719361016,-2.9793682263296435,1
-2.7769703729408857,0.5047098421650349,2
0.8731904327903643,0.6125910736985034,0
-2.339636859651252,-1.0423572898193492,2
0.1325274651280978,-1.030528187354833,1
-1.8750027414358335,-0.6945898774460482,2
0.4053743079546835,2.139590805357215,0
2.0136823871229033,0.021099741001812056,1
-1.3489218511477983,0.44336267939246804,2
-0.3342936606110519,1.9804867444775371,0
-0.5729572492741903,-1.5127216923598135,3
-0.026903147275481484,1.0981830982854077,0
-0.37392686641796874,2.992071175053083,0
1.0185709144962822,2.6573436430406687,0
-1.9263201633205016,-0.534836606724559,3
-2.988813288537216,-1.9755908001879348,2
2.6103554913752465,-0.7380220909987341,1
0.7224796713130686,1.3661742957560972,0
-3.612429556180318,-0.7335811873588124,3
-2.090673588362229,-1.8222636040642464,3
2.7357469934272203,0.7469705242866274,1
2.570318704041456,-0.6675567683325555,1
0.03719985387047466,-0.08401634187077424,0
-2.244419877911127,1.8157053781949348,2
3.1058209084205237,-1.5187959067999446,1
-2.673596031193689,-1.2861772607591777,2
0.07170721084067921,0.9329120013390264,0
1.3346432837259272,1.1532262974467278,0
-1.5556266205126001,-0.55264390028817,2
-2.455561449713645,-0.843479679981799,3
-1.8537064080642691,-0.07792250176297484,3
2.7189819123016634,-0.8997686306659064,1
-1.7156952460875696,-0.13992731765002694,3
-1.0738652932563981,-0.23277841927995227,3
0.6332632118515789,3.9200243869985374,0
0.1317972026005847,0.7481196698333963,0
-3.1577386701011787,-0.3127809367046544,2
2.2445915772287863,0.6092436344906496,0
1.9050687612001709,2.014587961676326,0
-4.220089269788359,-0.27956118546994313,2
3.4233415654020862,-0.5530829172738667,1
0.5284073875018062,-1.941366651393844,1
-2.5772905693677455,0.5082749916044178,3
0.19026550832156702,2.931222607602136,0
1.4713436953400643,-0.27686744165274774,1
1.8773648900213653,-2.5701487794928575,1
1.9902206055755922,0.9807367312930796,0
-0.05689145276511829,-0.7818196270784594,3
0.6332632118515789,3.9200243869985374,0
0.7601095734512995,0.8861354994519102,0
2.8578518273819977,-0.4633837872570008,1
-0.5609648454053208,0.2562388526434838,3
1.3417806262713459,1.0213143634510347,0
-1.161944441152881,-1.5656831963421256,3
-2.4385619886341505,2.065764534580266,2
2.365026265153554,-1.247561965879327,1
2.521524688549736,-2.2055283957075,1
-3.2537302070675205,-2.197177419339247,2
-2.7638270601000876,-1.7336746890634083,2
1.8173601281049878,0.2037204556808682,1
0.13413034270502855,1.3253857894004646,0
-2.4059252193574876,0.3938980393154164,2
-0.19597306687460658,0.04922650853594079,0
-3.3643568157675086,-0.017531393375021163,2
1.0284626308319433,-0.08521777057691825,1
-2.1058227090087045,0.7683904495221058,3
2.975305495907265,-2.165645216806005,1
0.6129636610783251,1.6091845722319513,0
-0.2936330516468015,0.12522318474645083,0
1.1694762627379165,1.6764597928679752,0
-2.256162151268015,1.272906845075346,2
-3.2788642725951473,-1.6437532069625376,3
-2.8010344494698534,-1.2487958664192773,2
-2.0049575292684096,-0.33983295531577296,3
2.2822553070175253,-0.08940525999633045,1
-1.184932161173533,0.7313419908537142,2
-2.3808917196949158,-1.1674104292728968,3
2.1960995260416385,-0.6715556091523128,1
2.161014265471347,1.7146299958536022,0
-1.1652770305021125,-1.9187872383098554,3
-0.6464847432534955,-0.8896498390420327,3
-1.3407329943240782,0.9124915368711823,3
1.6998004762904044,0.6015134588693148,0
-0.6082624100303378,-1.0273650784482289,3
1.2536867149548558,1.1008217801509064,0
2.1805215189700857,-2.4479691395583227,1
2.1001895896129477,1.6339335179721346,0
-0.7647856421694078,0.6450502693981368,3
1.1928521419712024,1.7617935193846797,0
-0.17761222658475845,-0.5505654666096742,3
-3.060160501004221,0.08310438201280597,2
2.4771670607999825,-1.8774892241686656,1
0.9648549445464348,1.8045013241673713,0
3.354587391469043,-1.2308468192495654,1
-2.438156181928001,-1.3652768870045169,2
-2.3463680407572376,-1.179400660519615,3
-1.4575699420182082,0.2831446859521917,2
0.017721202506047976,0.5121853323838308,0
1.8195958264002996,-0.8308987433099948,1
2.6602529565602917,0.37210064944095894,1
2.6881298186299025,-0.6792951059563025,1
-0.3939023543718239,2.197700842803924,0
-1.405853508767022,1.0758711644586,3
1.3226483390355643,-0.5896066923874581,1
-1.5537788371668453,2.478050003699442,0
2.957611798037665,-1.3655682290820226,1
-1.531239288243549,0.219561501991078,2
-2.5543968078675214,1.2924531228759755,2
-3.20042284396177,-1.0588721341674852,2
2.46938212823398,-0.3731076079296254,1
-2.1783299259925184,0.4104099141592839,3
-1.6378481953264095,0.7714092891222467,3
2.0737049316995697,0.29302200976855863,1
1.785736081054887,-0.1390712571589364,1
-2.1013609616890228,0.05731546706721347,2
0.5204351802862336,0.9797633195024794,0
-2.2223874405012674,0.47229374153011605,3
-1.3691564593706382,2.255376610415531,0
-2.194463323162106,-1.17603624197457,3
-1.3546751757420554,-0.3691035429628124,3
-2.385571173998561,0.21802532538066335,2
-2.4042949170511423,-1.6191774654069906,3
1.4422645239586498,1.025064880474406,0
-0.4883557311848015,-1.7072574772520186,3
3.212083102719169,-1.205177604585914,1
-2.7583303279589426,-0.8107773568499469,2
-1.2088212289801121,0.8551188037908386,3
-2.9755390176283774,-1.3439843276838634,3
-2.010175548137733,0.25584839692149935,3
2.6352608566717906,-1.7076585949239784,1
1.265500823152431,-2.955159289066446,1
-0.44792932242745187,2.112405731565235,0
-4.747480117097452,-0.032881172026563085,2
-2.748927702067341,1.4780687765982252,2
-2.9497336622675854,-1.0755813546072164,3
-3.640544932410229,-1.4280418966893778,3
1.824135848054181,0.8040907035897573,0
1.7063310524359272,-1.1640413568606334,1
1.8733041384503284,1.6959166621096953,0
2.8647028422920675,1.4790428837990965,0
1.3905205019189355,0.2703301947874768,0
1.5245168843540247,0.5659339781659515,0
0.159988728983192,2.5931139804625674,0
0.7542572405569241,1.1959898800351505,0
1.7163332628715195,-0.8357154262728987,1
-3.1084507980535663,-1.1811446596626471,3
3.1119363630912584,-1.2169051104509183,1
-2.501866303530875,-0.8133348345115509,3
2.6189041202275174,-0.9737996753470116,1
3.1657013825810556,-0.8679183929461299,1
-2.7144371308009876,0.8682327672243086,3
-2.043490080381502,-0.1390479549264307,3
2.9680610865387007,-2.7950100182990054,1
0.7394998865791028,3.882621347582114,0
-2.0781296131773153,0.6552863126892248,2
-0.5584510260908434,-0.4062142559481229,3
2.6473538924668882,-1.7820278669834162,1
1.301446497363961,-0.6655003098705429,1
1.9817230022684327,0.886706764051334,0
-0.6295787810470241,1.8771270023714641,0
0.29236134287117516,3.2815819906785455,0
-2.0100426063998564,0.9000718108339539,2
1.33800354703395,1.6591182269031377,0
-2.720584062519876,-1.4890423892103195,3
-2.278254974125822,1.4560081788072035,3
2.863051700999728,-1.1288448194259104,1
0.20008514618201256,1.0271751364855302,0
2.8663010766928703,-0.6553384575850987,1
2.334871546273544,1.3282831792142071,0
-2.8672174517076003,0.8462784477842868,2
0.4899353601273962,0.45378447453440574,0
-0.023808126447808275,0.5091896836842391,0
-2.4394088627795787,-0.7102804078236694,2
0.7275202582149443,1.3627097002783308,0
-1.6944276674015386,-0.2929963446969168,3
3.25551618749994,-0.791119148877116,1
1.6117510810465434,0.730935070321441,0
-3.334001907217316,-1.6525070786358946,2
-3.1019865274022247,-0.5772953728108625,2
-1.563031094293302,-0.8105577719522151,3
-3.204657595080422,-0.8636714026832207,3
-1.9887621861233518,-0.8125822705133593,3
0.020101005396796687,-1.363846823564026,3
-2.589847447150613,-0.700337970816853,3
1.4412513354826009,1.6762852618721789,0
2.4192545036762705,-2.256077813269129,1
-3.2546509635607936,1.3723631216820658,2
-0.8169201295106296,-3.2330348935564377,3
2.9314291075841132,-1.9253798529902586,1
-2.2918525517893826,-1.5504050581982667,2
-0.6703607891693408,2.411042219855773,0
2.4779890536832023,-0.4152794760772994,1
1.4156793362048414,2.0837594178287304,0
-0.31861399963758885,2.6890179129557907,0
2.990123623082744,-1.67074564785926,1
2.5420997183259666,-0.24020981831159532,1
1.7846409912210626,2.451113411314561,0
1.6359223803133174,-0.038998183901989995,1
2.646517675540606,0.002957774010236793,1
-0.1497637077449737,0.9729936038715294,0
2.259209373357156,0.43302112353955247,1
0.2173787534288246,-0.0366238363079454,0
-2.6541294676278717,1.314135183075219,2
0.5260517863305921,0.5524811611275149,0
-2.620674754928144,-1.0665434183558737,3
-1.999103138687905,0.5630426848817037,3
-1.885706073570014,-1.7903386596130255,3
3.208249464006227,-0.6565984247577752,1
0.04952603524271908,0.9916684709132133,0
2.9538640986935603,-0.7985884918174756,1
-0.6404111060358573,2.6495817122205634,0
-2.6870310932592525,-0.30689593454062886,2
1.9006996362803859,2.3981607494622836,0
-1.9347668334915826,-1.451519649715747,3
-0.6140536452117684,-0.7372560096569802,3
-3.0967129015809616,-2.2460312058217906,2
1.8525752028827749,-0.827104026883075,1
-1.848729115270292,-0.5272190834064441,3
-0.5519116750488968,2.654410147767213,0
1.8362193336866524,0.7157085733352767,0
3.647559023715353,-1.5971034879615869,1
1.6690757193500008,1.113030247754657,0
0.13603408052850274,0.11844836621652624,0
2.409343210129941,-1.9646123699893843,1
-0.9217825131570492,-1.558110896405324,3
-2.3694214103995166,-1.2863205650534721,3
-0.613318291442427,1.86059780233328,0
0.06366330622599183,-0.6422676482399011,3
0.4244193117645161,1.1586531171401042,0
0.816625316823062,3.419616532209517,0
-2.104966297451904,-1.1510157993131303,2
-3.297088883250366,-0.6057451619194111,2
-1.4728084418354035,0.0715919723486882,2
-2.660421886001756,-0.8040856184341312,2
0.9569950250308048,-0.07259039279056866,0
1.5273160221491462,1.2386628962362534,0
3.1058209084205237,-1.5187959067999446,1
3.019572037721773,-1.00929783859765,1
2.1984157958431685,-1.4527950854492053,1
-3.440800547487866,-0.8608929070560414,2
0.2033779291118336,-0.9744368860932006,3
2.407848635978523,-0.1733802754180415,1
1.75911407855799,1.0008793797851332,0
-1.6221116475624007,0.3186436198456215,2
1.7357154821235021,-1.1392053804279894,1
2.6568315481788747,-1.5491555967866708,1
-1.6261779427112362,0.60983823510631,3
0.48136159157645103,3.060442568574143,0
-2.6835357380816913,-0.28759521002144184,2
-0.1120026061692067,2.8903858629046635,0
2.416711550688067,0.5971377121100836,1
0.22874223373747496,1.0312634587339893,0
1.796005926677849,0.18317488418396882,1
0.42897617443113606,0.7362599022849236,0
-2.5845834454524534,-1.0801002902417585,3
-0.7955425489380675,0.41970294009539055,3
0.6056950193293492,-1.7951862563864158,1
-0.08659288388346052,-0.38246448411585565,3
-1.766092500554121,0.035570844489510665,3
-3.2389357756431116,0.8309970720205626,3
0.8842724543889275,2.1294981668407513,0
1.7716521114812829,2.1523687806145047,0
0.06843611242075398,1.8935848907590513,0
-0.07905673568346043,2.074414589154667,0
-2.2928897552410414,-0.36165944561360125,2
0.0994228843512117,0.9928898217751111,0
0.36599986870694945,0.40031065714306824,0
-0.5845874260398998,-0.7603342828592029,3
-0.930021753578894,1.279031013257691,0
-2.1631579595591717,-0.13554565068852872,2
-2.964538139046952,-0.9393432299941228,3
-2.6994363993914936,0.07724887688146614,2
3.16669854665282,-2.938702744287196,1
-2.187559905547368,-1.4122480323693334,3
-3.255018332296748,-0.038669607353684056,3
-2.622829567336101,0.03201289958233557,2
2.530779006977356,-1.2510938558543656,1
-0.2585100834239408,1.5056819126998313,0
-1.484523664343248,-0.2021170279753673,3
-2.4324032717051027,-1.3944245989439663,3
-2.0122369868640955,0.06084672385429737,2
-2.4833921828504972,-1.059293933864678,3
1.3617377365099559,1.094466691992667,0
-3.217967676404681,-1.3034715088427506,3
-1.9165362377341002,-0.5904036532548956,3
1.6998004762904044,0.6015134588693148,0
-0.1613518277149907,1.511319855345534,0
-0.197323495029987,2.2010861406857027,0
1.5273269849953937,-0.21352012263147882,1
-1.0785043740415035,-0.23590467427665637,3
-0.30124279301599083,1.6632557644133246,0
1.0801482151340618,2.7596417845204506,0
-1.8659311403987688,2.2092243044613253,2
-0.0880579488701347,1.5169438245358637,0
1.8242804839827838,0.1829400196165179,1
1.1591480855802752,0.8899965122975088,0
-1.6931654070479034,2.0487293470687784,2
1.9127754492425433,0.5376592744864425,0
1.408736423985578,0.697645065978572,0
-3.1355976511919867,-0.9804427890735375,3
2.917747869579569,-2.040199851052946,1
-1.4481010778691736,1.303110223432554,2
1.0799159557095983,0.9104342005259363,0
-1.8750027414358335,-0.6945898774460482,2
0.5308270476985656,-2.294481251801925,1
-2.7382493560124104,0.27068242250198155,3
-2.6417634113835744,0.28534340683115156,3
-3.731637068833405,-0.784254609531058,3
2.7000965381893733,-2.161079892724954,1
1.431485159760898,2.018830371088546,0
-2.1350320059319663,-1.3523287102465966,3
-2.4171340753476773,-0.924732028815948,2
-2.0382462774863908,0.47354485227278265,2
-2.958394116952544,-0.7781667834999124,2
-2.8627069297047885,-1.091628861598868,3
-2.4256569247159594,-0.10391830601210614,3
0.23893222310445963,-0.020388039397286437,0
-2.6788387852853326,-0.7401082219274793,2
-2.5433940936100834,-1.464036888371891,3
3.0843510436438786,-1.320287721458212,1
-2.5786357832117712,-0.09002886089322956,3
-0.19054844942938662,1.8178873904019721,0
-2.7913348192464555,0.31324384793653165,2
-0.197323495029987,2.2010861406857027,0
-2.9312878100497066,-1.6208662835900172,2
-0.4427454502798913,-2.723520214855544,3
-1.3907797008440028,0.5750438943636256,2
-2.1546560256260636,0.8976565164844037,3
-3.1478431020432036,-0.85310099815448,3
-2.4050121617070106,1.292991671646713,2
2.6988140763358306,0.3276036731589348,1
2.8753108546800057,-0.5581436101697206,1
1.3118026658893853,-2.283653444084852,1
2.60786973457379,-0.8697464693245534,1
1.3426392195867523,2.2839161474495806,0
2.3217817756245394,-1.500620299731687,1
1.3332838758871173,-0.22723143351754768,1
-0.31235878811924433,0.6116454071794267,0
2.5349565062607726,-2.4517886873970047,1
3.0203763422012724,-2.0378030980407185,1
-2.0017983881490933,-0.7980980783743897,3
0.5743019600485814,1.0295530408420044,0
2.08885385729626,-2.0171360269736147,1
-1.114721244555009,1.3645231837112226,2
-2.32790259032272,1.361049576174074,2
3.5425157143005186,-2.2973250847928335,1
0.990011527613853,0.713722968948179,0
1.1769508137070415,0.8751240371379756,0
1.528532985921603,1.1844919191079055,0
-2.6062692183474456,-0.974430111491695,3
-2.7642800462492905,-0.17004934417200324,3
-2.614990764281862,-0.9283811174545535,2
1.3154923315072584,0.01061333297562339,1
0.6015581092165329,2.0362652478391055,0
3.104528425214675,-1.4933004845265108,1
-3.041309418374325,-2.058352409668564,3
1.975774302819971,1.8403823231382173,0
-2.5963549438035476,0.1452959420705036,3
-1.1895198240195561,1.2476229864712254,2
-2.2660151991596504,-1.0663893873127914,2
1.2723156966712872,1.4223850576887789,0
1.8888979144384312,0.8186205422276426,0
-1.364525203729427,0.44324113452194647,2
2.646517675540606,0.002957774010236793,1
-0.7220290210432448,-1.5293291360157297,3
0.20188265196711266,-1.6375734422629153,1
2.0459716527831415,0.45417512144234395,0
1.6704134387356355,2.7278355421037968,0
1.679502535995362,1.5525815436091566,0
-3.1318107174693677,-0.99519783903569,2
-2.9678515392026372,-0.4293989170155034,2
1.7099118029189768,1.0655761946826183,0
2.02752032745426,1.1509709170222646,0
2.1399114949768814,-2.049827828885954,1
-0.15582454171080243,2.5083569040364098,0
2.565912112531723,1.4920754643711835,0
0.2610473629655591,1.2547286076570585,0
1.192353047868234,2.9105676605110347,0
-0.7958907961796918,2.1840926255772564,0
3.307950424228902,-0.4341431384825402,1
1.0513844566607198,1.9518646295186797,0
-1.7764175511082594,-0.4338778086125076,3
2.821616909912905,-1.003954099306125,1
-2.2084232005669926,-0.9293216116647761,3
0.7339540066832,2.6361618616333713,0
2.0301419247056676,1.9169109268473934,0
3.1460405709472887,0.08854977908002039,1
0.12067988762297067,2.286438424308953,0
-2.5433940936100834,-1.464036888371891,3
0.07880863610309609,2.66751955927007,0
0.6934393568701142,3.8285513651894942,0
1.617295183830234,0.9448581443241479,0
1.7666749104592276,-1.8565834532402365,1
0.6307145693517541,2.747214066214174,0
1.3970113903013264,2.8543557964303496,0
2.9937008584625455,-2.128210526034785,1
1.7007887621460678,1.5623536121912298,0
2.736290792559851,-2.1902688014490757,1
-1.4970077474030399,1.9713251970235015,0
2.0960288366014903,2.0435362860029804,0
2.87894611948524,-1.8101207748755184,1
-1.879453778361594,-0.7481250942947546,2
-0.052010528618087505,-0.31844248390745317,3
1.3299241958650339,2.6109213440763974,0
-1.7029516267986546,-0.9806163153715471,3
-1.7692586697222896,-0.44661664728601325,3
-2.2588048311047153,0.59021390282052,2
2.470091144125186,-0.5056979860424478,1
2.6753698902681484,-0.8298096125237265,1
-1.4886184247345065,-1.110110185769181,3
-2.2178210577987754,-0.7142549273369724,3
-4.818942027197168,-1.978383572369096,2
1.0257388480301095,3.591702638102956,0
2.8144757474972883,-3.1420576456342406,1
-2.0441509878777304,1.1845001270639703,2
1.8969081867031048,-1.5991657133190844,1
-2.2666400220440264,-0.38933937975001603,2
1.562763221855028,2.297397741894794,0
-0.5077345748752635,2.275506027339125,0
1.8552929898102115,0.819486658132184,0
-1.4970077474030399,1.9713251970235015,0
-2.1058095078795254,0.8461422658569567,2
-0.9418177664464332,2.4781690718255254,0
-3.719517803664519,-1.1287608073509288,2
2.341321087065926,-2.1969518315591787,1
1.2404896253842148,1.5485314721838386,0
1.755045470371768,1.9982019970357128,0
-1.8421262399080627,-0.3630625949015265,3
1.6261399644138408,2.290568226121702,0
2.4959655958904716,-0.4018042371794707,1
-3.282026814255934,-0.6469746911477207,3
1.3345357072304622,2.112460208994834,0
-1.6365785986626298,-0.0009577368943499239,2
-1.72587297086107,-1.3624181447465433,2
-1.2463934633214329,-0.1669662009101587,2
1.2817692613323963,1.2927871370271597,0
-3.23887457066123,-0.8626142160812086,3
-0.31967801350692376,-2.321470138858136,3
2.3151720893487875,-2.240026359872568,1
1.5034637596689218,0.5781721603257982,0
1.8774773458896632,-2.0414433460060737,1
2.3521492540101665,2.6279420905110067,0
-2.9327867657187965,-0.05202190604324428,3
-0.7240284683463365,2.793661519481426,0
-2.9968933806384093,-0.9975984785276507,2
-2.1579133095620624,1.873510299228728,3
1.9910078593433398,1.1277233708754908,0
-1.3907797008440028,0.5750438943636256,2
-0.005880363839659222,2.2607052466542976,0
-3.3024468698734695,-0.5009364441367271,2
2.352844189077335,-1.874817166858739,1
-1.7792168965995918,-0.4432937856030794,3
0.6153168695979565,0.7218772531474672,0
1.8959642925008935,1.5058725131092383,0
2.280640659566256,-0.6372616872843971,1
0.27518705555392803,3.2488683882624496,0
0.6236470526739452,3.1855975419839018,0
3.1630885921133682,-0.22231901698518178,1
-2.4269768821773647,1.3478614164727096,2
2.975305495907265,-2.165645216806005,1
-2.6271271625685335,-1.104624951542804,2
0.07880863610309609,2.66751955927007,0
-0.5057337312865504,1.5320876160586867,0
-1.3543800338975749,-0.5259566321342121,3
2.9008779750299833,-2.185394002527055,1
-0.9056573676391741,-0.9484618936172899,2
0.9130099566282454,0.6511054693229414,0
-3.6604368460283965,-0.6074889364343042,3
2.536704263540016,-2.0919896322298785,1
2.4107250090579635,-1.93550864630335,1
-1.2269694821703117,-1.0726246038741833,3
3.221515375413514,-2.185990512350758,1
-2.501866303530875,-0.8133348345115509,3
-1.209888914090233,1.999993121009929,0
1.0573535972790031,-2.2941781718949534,1
-0.6235746797662194,1.7637500804956407,0
2.9915347235297767,-0.9274111645594307,1
-1.184932161173533,0.7313419908537142,2
1.8509570194202105,-1.1543419663495336,1
-3.210026277317223,0.11906837012598302,2
-0.1497637077449737,0.9729936038715294,0
-1.0237038129672826,-1.74285195539087,3
0.1682082752013192,2.307944752558241,0
-2.836209553304587,1.1754432296495787,3
-0.546127980469567,1.1459512930827334,0
1.7951310516976653,0.3221847138799893,1
-1.5086098826234786,-2.423507608002935,3
0.593485265328729,1.4893344790089789,0
3.3723802376920946,-0.6441399326290742,1
2.4804636628533254,-0.8804101978205133,1
-2.40320382787987,-0.48007892034131283,3
-2.8322710497785453,-0.057906998695564794,3
-2.5284890343580435,-0.2004346028388991,3
2.264148687691616,1.2023314362467288,0
0.7976971454009998,2.303084996788209,0
0.4915184441652735,1.1059766563885443,0
1.600988794772074,-1.40891684182094,1
2.655089577743959,-0.28008805985035323,1
-2.7353408274146167,-0.4722743796930316,2
2.2015635667716373,-0.6336768531318518,1
-0.6099837541823054,1.3286708760715693,0
-2.9902482362555327,-0.19412290568277998,3
1.6724930743056077,0.6367576021616963,0
-3.2041280564019514,-1.2822923955856496,2
0.5739343750766644,-0.8847405534748339,1
0.2033779291118336,-0.9744368860932006,3
1.7175642419260353,3.0486705555891596,0
-1.1828687675349052,-0.45156232987780986,3
-2.4313542487050612,0.815919181152155,2
2.3594575524863495,-0.40496953124519747,1
-0.07555534243608063,3.5446690685805096,0
-0.4628271042932356,1.3019605070734468,0
-0.3834035211326488,0.022817357452960277,3
0.5788133456833403,2.484930199813968,0
1.0529666731996739,-0.12502667836934853,1
-2.2759971755360544,0.10949688292203306,2
-1.8281188471799255,-0.6496211186297663,3
2.347842811129185,0.10701670242789868,1
-0.3076593930996118,0.3544762267467491,0
-1.1968035481661103,-0.2723173610541416,3
-3.4509564131014914,-0.9203623090665173,2
0.17060000652785406,0.5122054141469138,0
1.063541413649727,2.5232152865911246,0
0.8186587453143015,0.9889672593966038,0
2.8528855550790286,-1.9222445073732186,1
-2.285086399962789,-0.6016231564943036,3
-2.670630403259804,-0.9495140679201028,2
-2.7007432529549624,-1.2043249518687278,3
0.7308671352120307,1.335024057418287,0
0.2457606679388979,3.648928751980019,0
-2.6933174737903065,-1.4766853119940497,3
1.9301984969107406,-0.6171286778831846,1
-2.3731150761469983,-2.2933946337932887,2
0.5824812012187384,0.30524163313035463,0
2.304146094132806,-1.7456318457229842,1
1.89668584422694,-0.1296221281647951,1
-0.9963677381908981,-0.1350082266489908,3
-1.7360642840589404,-0.7733965479613734,3
2.432054734421918,0.08766626083845654,1
-2.0638728036830165,1.7026874005338573,2
1.526387480633694,-3.7632101443566066,1
-2.747426887057642,-0.5465085266126122,2
-2.0940911193504066,-1.0715226967788072,3
-0.1690583279126872,1.0286582516509895,0
1.9325308267611128,-0.7149402441496957,1
0.9668108250258469,1.8286989244056484,0
2.3722342257187616,-1.9763635264954698,1
0.2862488100219948,2.8812820574459597,0
-1.3774568062615435,1.9625911965938536,0
1.9488044347765405,-0.08032357392868404,1
-1.89878370119032,0.4063442312611556,3
-1.2996089961094008,-1.9366537212410913,2
-1.865930171520517,-0.5870946539531209,3
1.5077232102959182,0.37062432932947054,0
-1.566546505645177,-0.6876535492610975,3
1.8491074851646419,0.968642017557712,0
2.8647028422920675,1.4790428837990965,0
0.02923572726544904,-0.06980502218134514,0
2.673950122369043,-1.3344543010608592,1
2.565553325915371,0.21606615353700234,1
2.440784074362532,-0.8150904816493788,1
2.7459463752988973,2.0306008175504906,0
-1.431512443398031,-1.3137112004923799,2
-0.9573412703423019,1.5167257622491315,0
-3.2397702899687144,-0.7731305678848638,2
0.31433074824109863,0.9379326809416058,0
-2.13692908344987,-1.0079761573989654,3
2.6674633302192614,-1.0693536115874471,1
-1.476983642954085,0.6938068676365728,3
-2.5355589380038177,1.292254647625818,2
-3.186066464768875,-2.709828468349629,3
0.13738093631522197,-0.000454221692694031,0
-2.52839310104491,-1.1904737611192544,3
2.4498488175894066,-0.772423999872869,1
1.2913642386983062,1.8714306816020336,0
1.7625545985185405,1.9982530429723007,0
3.0982408050819767,-1.7622364767781549,1
0.9300170997742427,1.3153959812036549,0
1.9556234893437856,-0.2994370576861362,1
-3.510224850663971,-0.6560311153244784,2
-3.0184259963070756,-0.4004350945470811,2
-2.2927526303522328,-0.6138233548935349,2
1.857156299705093,-0.2291146252919328,1
-2.9669708716958754,0.0015990448868127502,2
2.0688919652173845,-2.5296531039461256,1
-2.6787692286877953,0.04260729731560133,2
1.906861641661666,0.9290143664140905,0
1.9181633784094922,2.499900750616554,0
-2.2223874405012674,0.47229374153011605,3
-2.350558476424794,0.2938545785974571,2
1.1883091336287734,1.4102853141985225,0
-2.5097189127411426,1.5004837843349534,2
-1.0458639536272483,0.43506024101398594,3
2.3092713827625646,2.1894071360603924,0
0.009834474730794593,1.1283145344469265,0
1.4799904351755497,-0.15864307546630577,1
0.4634443549919698,-1.3037087733320598,1
3.282340993796661,-2.2388610860440967,1
2.3318997216503736,-0.060536947699156386,1
-1.7453945210902546,-0.9207557660425467,3
3.187773383585321,-0.31228839391209917,1
-2.4326374836548883,-0.6241459913810185,3
-0.26234590507152494,2.408986079223847,0
1.2360245305278506,0.6442740664870289,0
-3.1121231327479033,-0.20806915356025044,3
-1.0214368125103563,1.6920235105807675,0
1.6121829441096673,1.9331978187070304,0
-3.6529813858829914,-0.6017550093849517,2
3.2831738820846597,-0.46175879704706624,1
2.860712330897014,-1.4851491324297608,1
3.259979562475187,-2.3787183890377164,1
-0.42821418814721623,1.3161804758659634,0
-2.3159510964463728,-0.3329952647663301,3
-0.7283417538273331,2.4535857710835294,0
-2.43402873932135,-0.7227655037164034,2
1.6261399644138408,2.290568226121702,0
2.5873079398253744,0.9178080972419297,0
-2.151551530568364,-0.23483269156692874,3
-2.4171340753476773,-0.924732028815948,2
-2.4880579464329378,-0.3181545744826083,3
3.0237872880346166,-2.1871734843919546,1
1.5010774122814197,-0.12242085273314987,1
1.960497491539787,1.562443076543409,0
0.7207287361473357,0.765444925357335,0
3.1301252477643113,-1.8305676128776927,1
0.10781115951485308,0.7949829933815306,0
-2.418908078613479,-1.1362098554606295,3
-0.6456302876471661,-0.3461924977794135,3
0.11552081611810754,1.901257903058986,0
-0.8623439175843914,-1.3970599238888954,3
2.7741355071204588,-0.16528412552119728,1
1.3268856966726739,1.6089996920505187,0
2.945490772741686,-0.8210707286860223,1
-2.617732741371658,-1.0917468963798724,2
2.819489101899444,-1.1506868965430166,1
1.7632063040369894,1.192261548393979,0
2.2729693441425085,-0.5911427335486669,1
1.2264095544314046,1.6740033231235072,0
-0.07024610669336172,1.9184653427886118,0
-2.560110608619666,-1.372240821599226,3
0.3653486975041146,1.9083434977699913,0
-2.650098980872306,1.1052132610876304,2
-2.4674755419595025,0.4317302116890899,2
-1.7915285147847817,0.46215085249430793,3
-1.2970325310883684,0.4884253989648127,2
-2.2784879167124585,-0.8623394814876487,3
1.6052905771621548,1.0809956076659795,0
1.314529968148536,0.7281713471782354,0
-2.9525170131727863,0.15089110552008134,2
1.245999801163802,-0.685760424774215,1
2.3069348488287518,0.23046860464799132,1
-2.0616493458625453,-0.2906411764215534,2
1.7919980326807061,1.6373318582138245,0
-2.53727011948947,-1.922556216520943,3
2.409343210129941,-1.9646123699893843,1
-2.021213437992667,-1.8976282650376366,3
-0.6863866703384321,-0.010797499033381203,3
-2.154867018355681,1.2531117795909648,2
-0.03677782910113741,-0.6226677890754285,2
2.6328832340817163,-0.8328982042904708,1
2.608660888997559,-1.9891113625522472,1
-2.4333716781143253,-1.5869839562978185,3
-0.7283417538273331,2.4535857710835294,0
-1.2061783037579048,1.635994841674299,2
-0.3112027450938828,0.7126768191130246,2
-1.5319556293935164,-0.561149345701932,2
2.170705534545758,-2.0451537285792787,1
-2.5141883484681973,0.16253168631363424,2
-1.3139350597042991,0.22409824759611927,3
2.4292577804611346,0.5360187435835184,1
1.6683949437306786,0.9945886702080431,0
-0.6363102245045766,2.4544391272572565,0
-0.8146258194622825,2.2315234420639007,0
0.7129263186432575,2.069449081955857,0
-1.60567620868386,-0.9442367153220282,3
0.5184787289421502,3.3766744476691426,0
2.4497261195187847,-0.4804821306845166,1
-1.8663876931385581,0.4582426582059421,3
-1.9887621861233518,-0.8125822705133593,3
3.422721200154107,-1.7423813368994372,1
-1.4886184247345065,-1.110110185769181,3
-1.0261951922837473,1.5156173461040496,0
-2.7193198996405887,-0.5585126202447669,3
0.9135044724823,-0.9533042479876641,1
-1.8099515095174825,-0.5470197625525367,3
0.6308888028478592,0.15328054644918057,0
1.9301984969107406,-0.6171286778831846,1
2.5364382413472173,-0.2753918178796457,1
2.7110957494481,1.1716566822519505,0
-0.6861246109426882,0.579365068925737,3
-0.3246655580833196,2.999212799350325,0
-2.5765096061692963,-0.3171000781518105,3
1.7007887621460678,1.5623536121912298,0
-1.1454713232278018,-1.6058895127145352,3
-2.70086052690822,0.947040091666564,2
2.7851213003291346,-2.311851518264019,1
2.2158726371817896,-0.6513265738854402,1
-2.7830469545285434,0.7214899634802496,2
0.7271210710463962,2.4483668933770653,0
2.199686376136694,-2.442478081218352,1
1.058229071447155,-0.3928640681577108,1
2.1410494189530334,0.4770990972030321,1
-3.119715731372268,-0.7254868741963745,2
1.4312683885616595,0.648276015772595,0
2.224476853708783,-0.20473252241960957,1
0.5494124156129564,1.3389739843461645,0
-3.5456849890456863,-1.2551289062841267,3
1.030463039216374,0.10889448320491603,0
-2.246383700698839,0.18949045827776465,3
-1.6261779427112362,0.60983823510631,3
2.0975539218099457,0.12910140336162146,1
2.116825622972857,1.2487527059757868,0
-2.7186107504967363,-0.9925712728420634,2
0.5552495054578488,0.28920817879653976,0
2.3364371557395684,-1.148418183533395,1
3.268805251481945,-1.6545913031253023,1
-1.8620606283738745,0.9401853533584703,2
-1.9736358887863106,0.2968366299138405,2
-0.6200687680151604,0.9551958262885972,0
1.6891521528751663,2.59907324377981,0
-0.6339307122874493,0.27586237273958414,3
-0.7647856421694078,0.6450502693981368,3
-1.5844340047313454,0.9051623263221273,2
3.1109184121241,-2.0329623416368574,1
-0.09578155467800967,0.9431289545352074,0
0.7542572405569241,1.1959898800351505,0
1.8867374535120072,3.2460270912883398,0
-1.5024223663513163,1.2280913137036498,2
2.2482520011595377,-1.520815681164222,1
-2.468195662304584,-0.7809808482580429,3
2.0444107406272876,-1.461023367234126,1
0.20239944170669483,1.8420784363081302,0
2.305086530775626,-0.014272734716566414,1
-5.436017662879143,0.8654540492476751,2
-1.850388432337427,-1.135882230632117,2
0.5221270564418825,0.7737808154974034,0
-2.9456942060776616,-0.649536448410107,3
2.9142887897806165,0.29293152578795834,1
-3.4895853654373226,-0.8446840185572568,2
2.8370416114726713,-0.754764187843114,1
1.7705275762096417,-0.8414670236081864,1
2.407430669472123,-0.6030502419243967,1
2.4272644297060726,1.7307231316444538,0
-1.8235159041940654,0.7360495401725325,3
-1.867423704513567,-0.9939829703910333,2
3.0636112834656837,-1.5613150095875263,1
0.69395189766584,1.4793415256493314,0
1.3951741642189,-0.11580741346036527,1
-3.5911737217250175,-1.9651949919655152,2
0.9426083321350772,-0.46079225565617754,1
1.5163506863634095,-1.0453691086021044,1
2.407848635978523,-0.1733802754180415,1
0.7717943467591449,3.6670601699703966,0
-1.9815560681870805,0.40896251917003057,3
-2.669101826714405,-1.6872081297719461,3
-0.8529965760453009,2.262896408138167,0
2.9208832542520997,-1.6614617179608375,1
-2.418755150339702,-0.6736569778468509,3
2.347667228829783,0.660895341586468,1
-2.2941725434469133,-0.282340714883791,3
1.2561505133974753,2.224163545495636,0
-1.6037596676347001,-2.4204408752252426,3
-2.4950877834202427,-1.8159950602384878,2
0.7373628809566776,1.7933050179643695,0
2.8814789590729246,-2.140745369673018,1
2.33929966080483,0.8025069241756281,0
1.9382426827724755,1.4364401566402347,0
1.9108775922242998,0.027955577466924245,1
-2.605565279013276,-1.0229919732847153,3
-1.0850088948794352,-0.2038651154934792,3
2.4105109039491874,-0.5163729353447234,1
-1.5914741302592064,-2.6818620242906537,3
0.5135832366165328,1.3184343756215209,0
-2.176037734373276,-1.327941808286488,3
2.459283784044357,-1.4891365884171477,1
1.509474127999752,1.8140570579688238,0
0.2398536911251047,0.7930019825520633,0
2.4667781136315936,-0.46249877594728817,1
3.1724536640203334,-2.178830059428132,1
-2.1977625577220072,0.3384985576203767,2
1.0929926022052945,2.011385763111334,0
1.610500502565635,-2.729001342800815,1
-0.2945438618110269,-0.0002999020125208389,0
-2.2426894335912038,-0.4778424160695709,2
2.5451712133729747,-2.3005551456108817,1
1.0165555844395653,-3.166022956317598,1
1.3509971263501757,-0.13212662983238052,1
-2.175967439441881,0.6087983311993409,3
-2.526894022785746,-1.9158108472281805,2
1.759915162312852,-1.9086432906072424,1
-2.158938525797449,0.11504570235043791,3
0.14271409723160922,-0.42047095839327975,0
2.0996171564787747,-1.800869505699688,1
1.8850760320458704,1.1793213034447994,0
-1.9530345173222117,-0.8334088688189834,3
-1.9658892090030187,-1.3419507280657588,2
-2.3489395436051597,-1.0894425518794446,3
3.18017789157126,-3.181969112023749,1
1.8676812642309388,1.0569215145305642,0
3.1862642620366306,-0.6487994127464392,1
1.393608887587129,1.8301089470428653,0
1.7450743805345017,2.7699567727954473,0
0.75053048633497,2.5990125583404025,0
-2.104966297451904,-1.1510157993131303,2
-1.8884350920359656,0.011572609813304009,2
-1.3461890660518776,-0.7154984226133292,2
-3.2197170942877786,-0.19579219672136025,2
-1.816711981838505,-2.1590797286405654,3
1.9078480831046365,-0.08035440497799205,1
2.905513799836293,-0.9645913312391292,1
3.111854118959315,-0.7397200450409565,1
2.2201158564226047,2.2268827098870365,0
-2.8232966596927644,-1.3610531074961307,2
1.0509901985550216,1.6743512645596217,0
1.9957218558325638,-1.4490563469424154,1
1.984643993952011,0.17695310302758707,1
0.9021130044863216,2.478410488084016,0
-1.4614383988220254,-0.6053349910655016,3
1.0204421324520239,-0.2516148968906224,1
-2.439551042225894,-0.016678725781239172,3
-2.3300994988888966,0.022730702509421576,3
2.2714555268147967,0.39285611685158367,1
-2.7807424277727177,0.6575790650486416,2
0.9001466650077091,1.2860094037753103,0
1.1950034083124106,2.1217683424185783,0
-3.090914050218566,-2.2095487195255763,3
-2.258677029644456,-1.415515792068977,3
2.6283565868911256,-1.6472629358580868,1
-2.6536258412492324,-0.46533314042615886,2
-2.6929033983012998,-0.274051373905197,2
3.051023473382077,-2.131489281752655,1
-1.1224803686332008,0.5833458974344806,2
2.2283508669387344,-0.26664001843146684,1
2.3458063520131525,-0.4797699144948495,1
2.648081435171454,-1.8374789026352851,1
-2.2626849690575903,1.2592925467857894,2
-1.364525203729427,0.44324113452194647,2
-0.17678510799763775,-1.0785059029020025,3
1.2586555643836825,-0.2902566637637661,1
2.8623961842899845,-2.2046091839707413,1
2.3654394228221975,0.8787450585795706,0
1.3584882876789923,-1.1454264913668395,1
2.2447417158514926,-2.8549011902572734,1
-2.7764290089421673,-1.4626467360626743,3
0.27541447713904993,2.005704208855975,0
3.542902697369031,-0.8665078191289405,1
-0.9963677381908981,-0.1350082266489908,3
2.0844354992730176,1.195549050060524,0
1.6718480042068993,-0.43490843235938664,1
-1.8076491003886934,-0.5373422730671819,3
-1.6104479487224974,1.3564710053434017,3
-1.2180713077568475,-0.7005511626635528,3
3.1018123123383967,-0.762107289624733,1
1.560901859911169,0.5848388999782663,0
2.6501004103060515,-0.12791585943207637,1
2.6557422361115286,-1.1899469834932108,1
3.0667287420988583,-2.1202832957570017,1
1.1348898578786744,0.5739269795060283,0
-2.1078079995837173,-1.8791015036310597,3
-0.6363102245045766,2.4544391272572565,0
0.29701138175581127,0.870868470412232,0
-0.37485589294242627,0.2639410290151311,3
-1.2618278144406545,-2.0640820210962967,2
1.0608933427727778,0.5095355426185929,0
-1.958360708493717,1.1641390713826185,3
-2.0515751489599534,-1.1173139454608039,3
-2.9585407477925894,-0.5175090001460924,2
-1.6609913934911247,1.2539216526031476,2
-2.154867018355681,1.2531117795909648,2
3.4930912344935803,-2.844041606799665,1
-0.5140368206415491,-0.9553022467578608,3
0.11199841430025177,2.9194449723670597,0
-3.245109234263518,-1.3225563487040208,2
-0.5526493206824599,2.3270984518800066,0
0.6420069891811347,-1.2063363393071411,1
-1.9259673537323168,0.5204368035457205,2
1.1715794460295264,-1.0114421240024658,1
2.49908175583762,-1.1888997306309281,1
-0.8834341072546158,0.4395394984139919,2
3.5232051022233617,-1.5762700354168637,1
1.7048284696831337,-0.5998464262840806,1
-3.801876536426213,0.40507351016021487,2
2.9014245335498905,-2.5860797076301916,1
1.8824551626787045,-0.18616795094412278,1
1.0721776597012738,0.8974365483688401,0
-0.16356450973651532,1.9440759461801729,0
0.6044744104491462,-1.047966504580001,1
-2.796662189757084,-0.8387737577901929,2
-3.1890207610957497,-1.535630305583708,3
-1.758766449866576,1.1559601727917028,2
-2.513391210999414,-3.2407230072511255,3
-1.9446656594733727,0.6829955383759582,3
-2.3750551154127146,-0.19694721156933026,3
1.8995520576719307,1.5942423213670731,0
0.008548239438914767,1.5983914713952947,0
0.7649473286534939,-1.240303825498215,1
1.5058770619904813,0.7296281698867478,0
2.2741469960689233,-0.8616978829800359,1
-1.280920655574506,1.0857515479568107,2
3.3847015969187577,-0.9851387814387742,1
1.0599404033762019,2.394294141520596,0
2.4961397999688026,-0.17509529577827995,1
-3.23887457066123,-0.8626142160812086,3
-1.6779800884082574,-0.7528338524492958,2
-2.8586124759238154,1.0299218647356834,2
-3.3829349957422807,-0.5553834771392906,3
-3.8723244493930977,0.24359329104084634,2
-1.998674247668075,-0.17494939291004724,3
-1.7112921965845562,-0.588323606961349,2
-0.453954662906356,1.5728176480942762,0
1.6674020154227605,0.09993700201170737,1
2.5694152769984506,0.9834910229165561,0
-1.927289220614145,-0.7737082506404281,3
-3.411153995381485,-0.8299963005886365,2
-2.1513710091742837,-2.0380705982916063,2
1.3782474747301032,2.4701435456328227,0
-2.916400120361087,1.599259673781767,2
1.7047837493928366,1.1724215389385346,0
1.5707308718626325,0.8267187316114624,0
-2.721945987542346,0.3564680540185693,2
1.8622663268373747,2.043613646564151,0
-0.3209609918372967,0.045582935342778574,0
1.094541529162959,-0.824231690180987,1
1.8450231227943117,2.8276846148271657,0
1.606379468385887,0.7448774806740853,0
-1.8869484902618403,-0.41436936541110286,2
2.3396830839939655,0.35421778977839813,1
1.6857157245055228,-0.5696083135824703,1
1.1199963124067098,3.9841033246586286,0
-2.328726410325894,-0.5337517773295808,3
-1.7761272753497752,-1.2096814870116606,3
0.15848576176947318,2.59079634947912,0
-0.5968800473531111,0.380702357053325,3
-0.44999570290337737,-1.4125106898863395,3
2.8792518773328974,-0.515563348374297,1
1.0758126465829396,0.743000338652001,0
3.148072567508908,-1.8725161058588013,1
-2.5040767268760886,-0.6721957952385144,3
0.2449445293871772,2.2984839660556604,0
1.4461980967428174,-0.8943205496697828,1
-2.3370722343732404,0.074922848169402,3
-2.1947529774325294,-1.5146392235223418,3
-1.724560945904408,-0.5478902574097291,2
1.9392131950096239,1.4111396194094352,0
1.9910078593433398,1.1277233708754908,0
1.66401803795474,1.5269509382617135,0
0.9130489588877432,1.735520451633113,0
-1.2742326447904273,0.22734899023834768,3
-1.5805122639619233,-0.01084270865112509,3
2.3217817756245394,-1.500620299731687,1
-2.048925429725031,0.24285434915601808,3
2.3521492540101665,2.6279420905110067,0
1.5151641389815813,-0.07342142461583351,1
-0.7631743325441034,-1.6579792714400712,3
1.3296368669386256,1.0328603950642448,0
-1.5356948912034634,-0.5785807846493204,3
-2.4430550455782303,-1.0900161149000704,3
0.9448671019846671,0.8792515700524756,0
1.9019046564695674,-0.612874124099826,1
-2.7186107504967363,-0.9925712728420634,2
1.3481366068666987,0.3778673635866272,0
2.209696907467176,-0.2582138344579088,1
1.404605263888067,-0.15950026624063468,1
-2.5658974474260376,-1.139026313760487,2
-1.4479895005097942,-1.8011107041003225,3
-1.6595114480901803,1.4634927203956234,3
-0.3997730083905711,0.28190812660799386,0
-1.6100562353920052,0.9312631827748372,2
0.0808805979349939,0.9049377993362564,0
0.25577773947319354,1.9325286534114157,0
3.1460405709472887,0.08854977908002039,1
2.8917764804162718,-1.6558402667233416,1
1.7524872591703042,1.657445461500407,0
2.581530837703964,-0.9705994315540714,1
2.602152381030012,-1.1199452283936606,1
-1.4888351560293571,-1.133364693902806,3
-2.824819870627204,-2.096033272587785,3
-0.07822480569920164,2.3541267701260487,0
-2.915110047873927,-1.7075206404448993,2
0.9339044671948346,-1.5289367710736181,1
3.096922695464702,-1.3330832034010975,1
1.3782474747301032,2.4701435456328227,0
-2.3178253875061263,-0.6277711559046256,3
2.8595372652102733,-1.9753736539980034,1
-0.5278972430419308,1.7760559348342357,0
1.9593959313921219,1.1623769292115946,0
0.652161019271772,-0.04177341375345869,0
-2.1746547008772206,-1.3896575163846063,3
2.328625961651596,0.08672768022470208,1
-3.230282392771169,0.41454767847161667,2
1.9912006841323788,-0.09541724458541072,1
-2.1264174018620787,-0.8978549552286705,2
-2.540074847184505,0.36263882760307675,2
-0.5140368206415491,-0.9553022467578608,3
1.3096113094176816,0.9534309367692255,0
-0.3991633742264913,0.926865059161169,0
3.0224807965147975,-0.49307704355741205,1
0.5504368679871782,2.634952963290546,0
1.9566631356863895,0.2951506290092437,1
-2.782651303726675,-0.9709043929791542,3
-1.1493292080731174,-1.1371495260670772,3
0.17037126108102615,1.733308417328435,0
2.230848824576023,0.2264072517330332,1
-2.35274264119526,-0.20606010968901114,2
2.670541169954116,-0.3490055853622039,1
2.785747864754354,-1.2070207650062985,1
-3.061393500838363,-0.9452740345543202,2
-1.405509954454713,0.7268912095020515,2
-3.6668680160313154,-0.6321022318033552,3
-1.3529391432887183,1.247091957118671,2
1.336633086574353,1.8974368154250574,0
-2.0705907223639866,-0.7361569058308318,3
3.212083102719169,-1.205177604585914,1
0.9563147940224372,0.5610345464333061,0
2.6780008047333035,-1.0343464110357135,1
1.9926886721594703,1.6266360269585671,0
-3.7861429859019995,-0.3202552516689266,3
-2.5199194598470305,-0.7593992759036141,2
2.656761869166458,-0.6326322342277066,1
-1.374575720823703,-4.41753128787293,3
-2.482256810629975,1.0411477703640655,2
1.9198695032250346,-0.9291796013759314,1
0.34780781903437386,-0.26544757775617267,0
-0.7824020709971742,1.3413192260574174,0
-2.9901234995105597,-1.5732627995753679,3
0.313384282402928,-1.8187652942177683,1
-1.832127896267214,2.11343413821852,2
-3.274591455594097,-1.2254090427964208,2
-2.4971974630085843,-0.14708488224289015,3
-1.5020165006304504,1.4399239060736262,3
-1.776097868298351,-1.6150812898766485,2
1.546078727750058,1.8934643144002132,0
1.9815498651367944,-0.7008156933114128,1
-2.837796570743579,-1.0316110940087313,3
-1.994155277633403,0.9744188421737955,3
0.00386675272346416,1.3976045100545471,0
-1.2258303075203667,-0.9143514625695477,3
-2.2459234992222754,0.041942951502588664,3
1.9048218872803084,0.32820896399380883,1
-2.2585498565549322,0.5692921993766394,2
-0.7824020709971742,1.3413192260574174,0
-2.670630403259804,-0.9495140679201028,2
-1.9608712572928666,-0.7543828455383018,3
-1.2434710823808495,0.9630211469169755,3
-2.2016530760578163,-2.0184465994657335,3
1.4403439801160736,0.38637764443831174,0
0.2933157097467059,-0.8790579529105786,3
1.818747713880608,1.7865880468231718,0
0.2884534266384352,-0.4851684478429904,0
0.27461854322449714,1.6308660502947658,0
2.8620836749126295,-0.6409062459385348,1
-3.322022855962037,-0.5953912951437434,2
-1.7374013644260118,0.1194626466994347,2
2.1410494189530334,0.4770990972030321,1
2.1925576751985183,-1.7906640046685334,1
2.8214196862133267,-2.072555362275943,1
-2.2800238022182078,-1.1290193791429783,3
0.9425269524194376,-0.14404020527256395,0
2.3900714880923783,0.3203176165846564,1
1.8352280681787487,0.12415138698349046,1
1.4985726846903449,0.4270748921064006,0
1.4396621127776361,0.46681406904607337,0
2.8289107201091466,-0.867353153320016,1
2.5374950983049445,-0.8664403777140526,1
0.1682082752013192,2.307944752558241,0
0.3514623158497209,1.0323019545494274,0
-0.34373075247530027,-0.10460913298631377,3
-2.3352165622928687,0.35989495017102024,2
0.592224609766612,1.9896751693700863,0
-0.4427454502798913,-2.723520214855544,3
-1.7479721547457114,0.12141871398188615,2
-1.8818179875809962,-1.8975183709016505,3
2.109157557519282,1.7817417053632931,0
2.227965060801408,-0.5330211190894107,1
3.015815503991219,-1.608034497220144,1
1.9198695032250346,-0.9291796013759314,1
-1.9446452736927826,-1.4907664250632326,3
3.3833551197488063,-0.6523875912049689,1
-2.382795715780467,-0.21054989426751777,3
-2.871958150485828,-1.4373256248891093,2
3.2029705799451227,-0.19162784058010926,1
1.9283303282095359,1.577398054348239,0
-3.674849684693939,1.5975716585583586,2
-1.0154375272305458,-1.3857507774367155,3
0.6533905502354072,0.4237137023411849,0
0.05179541167348435,2.2628243882445758,0
-2.416451731651889,0.7090983716802178,3
-2.2965836015704313,0.015028221223162034,2
1.5620921667680612,1.898802208786877,0
0.1682082752013192,2.307944752558241,0
2.4305369052861345,0.25702500574176407,1
-2.104966297451904,-1.1510157993131303,2
-1.2033262704261307,2.535598392580128,0
1.0147425151333263,2.227225599442206,0
-2.2574284517152425,0.6149285853130066,3
-3.0157864300787702,-0.603273156592595,2
-2.0986302049505015,-0.4317823353412449,3
0.27122969942125924,2.4455354511247327,0
2.5835834310971366,-1.46430650388882,1
-2.552998779431156,-0.20869359976935506,3
2.7575104143742295,-0.7894067772985525,1
-4.159220263406462,-1.7013079147476229,2
-3.1462983942969776,-0.32846047091334774,2
-2.385571173998561,0.21802532538066335,2
2.8144757474972883,-3.1420576456342406,1
-3.4509564131014914,-0.9203623090665173,2
0.035076461313993675,1.9238098963999037,0
0.8934790942443522,0.19477136179995044,0
3.017071220284248,-1.7515465211174863,1
-2.9071654586371225,0.8731907270462886,2
-2.478595476476982,0.19213188461402783,3
1.483880171028362,0.4486302295824316,0
0.48136159157645103,3.060442568574143,0
0.408780739766958,3.365268366471194,0
0.7528372877904677,1.466537561268343,0
-0.2823170213234035,-3.2834810857588206,1
-2.759835867044831,-0.27329752742763047,3
-2.7925656667774215,0.9346771777352794,2
2.007395177194455,1.4488918752029234,0
-2.5827910055061136,-1.7408393416228323,2
-0.6694057990231198,0.6327538335784446,0
-2.8134510762519205,-1.0011739551598566,2
1.2296577053013882,0.7312212410784775,0
-0.15582454171080243,2.5083569040364098,0
1.5318776952184183,-1.0279087596998466,1
2.0907580060068005,-0.1516439835184135,1
-0.9834999690697868,1.5743183226634279,0
